,0
0,Turquoises
1,Khakis
2,Khakis
3,Khakis
4,Khakis
5,Yellows
6,Khakis
7,Khakis
8,Khakis
9,Khakis
10,Khakis
11,Yellows
12,Yellows
13,Khakis
14,Khakis
15,Khakis
16,Khakis
17,Turquoises
18,Khakis
19,Khakis
20,Khakis
21,Khakis
22,Khakis
23,Khakis
24,Khakis
25,Khakis
26,Khakis
27,Khakis
28,Yellows
29,Blues
30,Blues
31,Khakis
32,Yellows
33,Khakis
34,Khakis
35,Khakis
36,Khakis
37,Khakis
38,Khakis
39,Khakis
40,Khakis
41,Khakis
42,Khakis
43,Yellows
44,Khakis
45,Khakis
46,Khakis
47,Khakis
48,Yellows
49,Yellows
50,Khakis
51,Khakis
52,Khakis
53,Yellows
54,Khakis
55,Yellows
56,Khakis
57,Khakis
58,Khakis
59,Khakis
60,Oranges
61,Khakis
62,Khakis
63,Yellows
64,Oranges
65,Khakis
66,Turquoises
67,Turquoises
68,Khakis
69,Khakis
70,Khakis
71,Khakis
72,Khakis
73,Khakis
74,Khakis
75,Khakis
76,Khakis
77,Yellows
78,Turquoises
79,Khakis
80,Greys
81,Khakis
82,Khakis
83,Khakis
84,Khakis
85,Khakis
86,Khakis
87,Khakis
88,Khakis
89,Khakis
90,Turquoises
91,Turquoises
92,Khakis
93,Khakis
94,Khakis
95,Khakis
96,Khakis
97,Yellows
98,Khakis
99,Khakis
100,Khakis
101,Khakis
102,Greens
103,Oranges
104,Turquoises
105,Oranges
106,Turquoises
107,Khakis
108,Khakis
109,Khakis
110,Khakis
111,Violets
112,Khakis
113,Khakis
114,Khakis
115,Oranges
116,Turquoises
117,Khakis
118,Khakis
119,Yellows
120,Violets
121,Khakis
122,Khakis
123,Khakis
124,Khakis
125,Khakis
126,Khakis
127,Khakis
128,Khakis
129,Khakis
130,Khakis
131,Khakis
132,Khakis
133,Oranges
134,Blues
135,Khakis
136,Khakis
137,Khakis
138,Khakis
139,Khakis
140,Khakis
141,Khakis
142,Khakis
143,Yellows
144,Khakis
145,Khakis
146,Greens
147,Khakis
148,Khakis
149,Khakis
150,Yellows
151,Yellows
152,Khakis
153,Turquoises
154,Blues
155,Khakis
156,Yellows
157,Khakis
158,Khakis
159,Khakis
160,Khakis
161,Khakis
162,Oranges
163,Khakis
164,Khakis
165,Khakis
166,Violets
167,Khakis
168,Khakis
169,Khakis
170,Khakis
171,Khakis
172,Khakis
173,Greys
174,Khakis
175,Blues
176,Khakis
177,Khakis
178,Oranges
179,Yellows
180,Khakis
181,Khakis
182,Khakis
183,Turquoises
184,Khakis
185,Khakis
186,Khakis
187,Khakis
188,Khakis
189,Yellows
190,Khakis
191,Khakis
192,Khakis
193,Khakis
194,Khakis
195,Yellows
196,Oranges
197,Khakis
198,Khakis
199,Oranges
200,Violets
201,Khakis
202,Khakis
203,Turquoises
204,Khakis
205,Khakis
206,Blues
207,Blues
208,Khakis
209,Khakis
210,Khakis
211,Violets
212,Blues
213,Greys
214,Khakis
215,Khakis
216,Khakis
217,Khakis
218,Khakis
219,Khakis
220,Khakis
221,Khakis
222,Khakis
223,Khakis
224,Khakis
225,Khakis
226,Khakis
227,Greens
228,Greys
229,Khakis
230,Turquoises
231,Khakis
232,Khakis
233,Khakis
234,Greys
235,Khakis
236,Khakis
237,Khakis
238,Violets
239,Khakis
240,Khakis
241,Khakis
242,Khakis
243,Khakis
244,Blues
245,Oranges
246,Yellows
247,Khakis
248,Khakis
249,Khakis
250,Khakis
251,Khakis
252,Khakis
253,Khakis
254,Khakis
255,Khakis
256,Khakis
257,Khakis
258,Khakis
259,Khakis
260,Khakis
261,Khakis
262,Khakis
263,Oranges
264,Khakis
265,Oranges
266,Oranges
267,Khakis
268,Khakis
269,Khakis
270,Khakis
271,Khakis
272,Khakis
273,Khakis
274,Khakis
275,Khakis
276,Oranges
277,Khakis
278,Oranges
279,Khakis
280,Khakis
281,Khakis
282,Yellows
283,Khakis
284,Yellows
285,Oranges
286,Khakis
287,Khakis
288,Blues
289,Khakis
290,Oranges
291,Khakis
292,Blues
293,Khakis
294,Khakis
295,Yellows
296,Khakis
297,Khakis
298,Khakis
299,Yellows
300,Khakis
301,Blues
302,Turquoises
303,Khakis
304,Khakis
305,Oranges
306,Khakis
307,Khakis
308,Oranges
309,Khakis
310,Khakis
311,Khakis
312,Khakis
313,Khakis
314,Khakis
315,Khakis
316,Khakis
317,Khakis
318,Khakis
319,Khakis
320,Khakis
321,Turquoises
322,Khakis
323,Khakis
324,Yellows
325,Khakis
326,Turquoises
327,Khakis
328,Khakis
329,Khakis
330,Khakis
331,Greens
332,Khakis
333,Khakis
334,Oranges
335,Khakis
336,Khakis
337,Khakis
338,Khakis
339,Khakis
340,Yellows
341,Khakis
342,Oranges
343,Khakis
344,Khakis
345,Khakis
346,Khakis
347,Khakis
348,Khakis
349,Violets
350,Khakis
351,Turquoises
352,Khakis
353,Khakis
354,Khakis
355,Khakis
356,Khakis
357,Khakis
358,Oranges
359,Blues
360,Turquoises
361,Yellows
362,Khakis
363,Khakis
364,Khakis
365,Khakis
366,Khakis
367,Khakis
368,Yellows
369,Khakis
370,Yellows
371,Turquoises
372,Khakis
373,Khakis
374,Khakis
375,Yellows
376,Khakis
377,Khakis
378,Oranges
379,Khakis
380,Khakis
381,Khakis
382,Khakis
383,Violets
384,Khakis
385,Khakis
386,Khakis
387,Khakis
388,Turquoises
389,Khakis
390,Khakis
391,Greys
392,Khakis
393,Yellows
394,Khakis
395,Khakis
396,Khakis
397,Khakis
398,Oranges
399,Khakis
400,Khakis
401,Khakis
402,Oranges
403,Khakis
404,Khakis
405,Oranges
406,Khakis
407,Khakis
408,Khakis
409,Oranges
410,Khakis
411,Khakis
412,Yellows
413,Blues
414,Oranges
415,Yellows
416,Khakis
417,Khakis
418,Khakis
419,Turquoises
420,Khakis
421,Violets
422,Khakis
423,Khakis
424,Turquoises
425,Violets
426,Khakis
427,Khakis
428,Khakis
429,Blues
430,Khakis
431,Khakis
432,Turquoises
433,Khakis
434,Khakis
435,Khakis
436,Khakis
437,Khakis
438,Khakis
439,Yellows
440,Khakis
441,Khakis
442,Khakis
443,Oranges
444,Khakis
445,Violets
446,Khakis
447,Khakis
448,Khakis
449,Turquoises
450,Khakis
451,Oranges
452,Khakis
453,Khakis
454,Khakis
455,Khakis
456,Turquoises
457,Khakis
458,Blues
459,Khakis
460,Khakis
461,Khakis
462,Blues
463,Yellows
464,Khakis
465,Khakis
466,Khakis
467,Khakis
468,Blues
469,Khakis
470,Yellows
471,Yellows
472,Oranges
473,Yellows
474,Khakis
475,Khakis
476,Yellows
477,Khakis
478,Khakis
479,Khakis
480,Khakis
481,Khakis
482,Khakis
483,Khakis
484,Khakis
485,Khakis
486,Khakis
487,Khakis
488,Blues
489,Khakis
490,Oranges
491,Blues
492,Khakis
493,Khakis
494,Khakis
495,Yellows
496,Khakis
497,Blues
498,Khakis
499,Khakis
500,Khakis
501,Khakis
502,Khakis
503,Khakis
504,Khakis
505,Khakis
506,Oranges
507,Khakis
508,Khakis
509,Blues
510,Khakis
511,Khakis
512,Khakis
513,Blues
514,Khakis
515,Khakis
516,Khakis
517,Blues
518,Khakis
519,Khakis
520,Khakis
521,Khakis
522,Khakis
523,Khakis
524,Khakis
525,Oranges
526,Khakis
527,Greens
528,Khakis
529,Khakis
530,Greens
531,Oranges
532,Khakis
533,Khakis
534,Khakis
535,Khakis
536,Yellows
537,Oranges
538,Yellows
539,Khakis
540,Khakis
541,Khakis
542,Khakis
543,Khakis
544,Khakis
545,Khakis
546,Oranges
547,Khakis
548,Oranges
549,Khakis
550,Khakis
551,Turquoises
552,Khakis
553,Khakis
554,Khakis
555,Oranges
556,Khakis
557,Khakis
558,Khakis
559,Khakis
560,Khakis
561,Khakis
562,Khakis
563,Khakis
564,Khakis
565,Khakis
566,Khakis
567,Khakis
568,Khakis
569,Khakis
570,Khakis
571,Khakis
572,Khakis
573,Khakis
574,Khakis
575,Khakis
576,Khakis
577,Khakis
578,Khakis
579,Khakis
580,Khakis
581,Khakis
582,Khakis
583,Khakis
584,Khakis
585,Khakis
586,Khakis
587,Oranges
588,Yellows
589,Yellows
590,Khakis
591,Turquoises
592,Oranges
593,Khakis
594,Khakis
595,Khakis
596,Khakis
597,Yellows
598,Khakis
599,Oranges
600,Turquoises
601,Violets
602,Violets
603,Khakis
604,Blues
605,Blues
606,Greens
607,Khakis
608,Khakis
609,Khakis
610,Oranges
611,Khakis
612,Violets
613,Khakis
614,Khakis
615,Khakis
616,Turquoises
617,Khakis
618,Violets
619,Khakis
620,Khakis
621,Khakis
622,Blues
623,Oranges
624,Khakis
625,Khakis
626,Khakis
627,Khakis
628,Khakis
629,Oranges
630,Khakis
631,Khakis
632,Khakis
633,Khakis
634,Khakis
635,Khakis
636,Khakis
637,Khakis
638,Khakis
639,Khakis
640,Khakis
641,Khakis
642,Khakis
643,Khakis
644,Oranges
645,Khakis
646,Khakis
647,Khakis
648,Khakis
649,Greys
650,Turquoises
651,Khakis
652,Oranges
653,Khakis
654,Khakis
655,Khakis
656,Khakis
657,Khakis
658,Turquoises
659,Khakis
660,Khakis
661,Violets
662,Khakis
663,Khakis
664,Khakis
665,Khakis
666,Khakis
667,Khakis
668,Khakis
669,Khakis
670,Oranges
671,Oranges
672,Khakis
673,Khakis
674,Khakis
675,Khakis
676,Khakis
677,Khakis
678,Khakis
679,Turquoises
680,Khakis
681,Oranges
682,Khakis
683,Khakis
684,Khakis
685,Khakis
686,Khakis
687,Khakis
688,Khakis
689,Khakis
690,Khakis
691,Khakis
692,Khakis
693,Khakis
694,Khakis
695,Khakis
696,Khakis
697,Khakis
698,Khakis
699,Khakis
700,Blues
701,Blues
702,Blues
703,Khakis
704,Khakis
705,Khakis
706,Khakis
707,Khakis
708,Khakis
709,Khakis
710,Khakis
711,Blues
712,Khakis
713,Khakis
714,Yellows
715,Khakis
716,Khakis
717,Khakis
718,Khakis
719,Oranges
720,Blues
721,Blues
722,Khakis
723,Oranges
724,Khakis
725,Khakis
726,Violets
727,Khakis
728,Khakis
729,Khakis
730,Khakis
731,Khakis
732,Khakis
733,Khakis
734,Khakis
735,Khakis
736,Khakis
737,Khakis
738,Greys
739,Khakis
740,Khakis
741,Khakis
742,Khakis
743,Khakis
744,Khakis
745,Khakis
746,Khakis
747,Khakis
748,Greens
749,Oranges
750,Khakis
751,Khakis
752,Blues
753,Khakis
754,Oranges
755,Khakis
756,Violets
757,Khakis
758,Khakis
759,Khakis
760,Khakis
761,Khakis
762,Oranges
763,Khakis
764,Turquoises
765,Pinks
766,Khakis
767,Yellows
768,Khakis
769,Oranges
770,Khakis
771,Khakis
772,Khakis
773,Khakis
774,Khakis
775,Khakis
776,Khakis
777,Khakis
778,Violets
779,Khakis
780,Khakis
781,Khakis
782,Khakis
783,Khakis
784,Khakis
785,Khakis
786,Khakis
787,Turquoises
788,Khakis
789,Turquoises
790,Khakis
791,Khakis
792,Khakis
793,Khakis
794,Khakis
795,Khakis
796,Khakis
797,Khakis
798,Khakis
799,Khakis
800,Khakis
801,Khakis
802,Yellows
803,Violets
804,Yellows
805,Khakis
806,Khakis
807,Khakis
808,Khakis
809,Khakis
810,Khakis
811,Turquoises
812,Khakis
813,Blues
814,Khakis
815,Turquoises
816,Blues
817,Khakis
818,Khakis
819,Khakis
820,Khakis
821,Khakis
822,Khakis
823,Khakis
824,Khakis
825,Khakis
826,Khakis
827,Oranges
828,Khakis
829,Turquoises
830,Khakis
831,Khakis
832,Khakis
833,Yellows
834,Khakis
835,Khakis
836,Khakis
837,Khakis
838,Khakis
839,Khakis
840,Khakis
841,Khakis
842,Khakis
843,Khakis
844,Khakis
845,Violets
846,Turquoises
847,Oranges
848,Oranges
849,Khakis
850,Yellows
851,Khakis
852,Khakis
853,Khakis
854,Khakis
855,Khakis
856,Khakis
857,Khakis
858,Khakis
859,Khakis
860,Blues
861,Turquoises
862,Khakis
863,Khakis
864,Khakis
865,Blues
866,Khakis
867,Khakis
868,Oranges
869,Khakis
870,Khakis
871,Khakis
872,Khakis
873,Khakis
874,Khakis
875,Khakis
876,Oranges
877,Khakis
878,Khakis
879,Khakis
880,Khakis
881,Khakis
882,Yellows
883,Khakis
884,Yellows
885,Blues
886,Khakis
887,Turquoises
888,Khakis
889,Khakis
890,Oranges
891,Turquoises
892,Khakis
893,Khakis
894,Khakis
895,Oranges
896,Khakis
897,Khakis
898,Blues
899,Khakis
900,Khakis
901,Khakis
902,Khakis
903,Khakis
904,Khakis
905,Khakis
906,Yellows
907,Khakis
908,Khakis
909,Khakis
910,Khakis
911,Violets
912,Khakis
913,Khakis
914,Khakis
915,Khakis
916,Oranges
917,Turquoises
918,Turquoises
919,Blues
920,Violets
921,Khakis
922,Khakis
923,Khakis
924,Khakis
925,Khakis
926,Yellows
927,Khakis
928,Yellows
929,Khakis
930,Khakis
931,Violets
932,Khakis
933,Khakis
934,Yellows
935,Khakis
936,Turquoises
937,Khakis
938,Khakis
939,Khakis
940,Khakis
941,Khakis
942,Khakis
943,Khakis
944,Khakis
945,Khakis
946,Khakis
947,Khakis
948,Khakis
949,Khakis
950,Khakis
951,Oranges
952,Turquoises
953,Khakis
954,Khakis
955,Khakis
956,Blues
957,Khakis
958,Khakis
959,Khakis
960,Khakis
961,Greens
962,Oranges
963,Turquoises
964,Khakis
965,Blues
966,Khakis
967,Khakis
968,Khakis
969,Blues
970,Khakis
971,Khakis
972,Oranges
973,Khakis
974,Khakis
975,Khakis
976,Khakis
977,Blues
978,Khakis
979,Greens
980,Khakis
981,Khakis
982,Khakis
983,Khakis
984,Khakis
985,Khakis
986,Khakis
987,Khakis
988,Yellows
989,Blues
990,Khakis
991,Khakis
992,Khakis
993,Yellows
994,Oranges
995,Khakis
996,Khakis
997,Khakis
998,Khakis
999,Greys
1000,Yellows
1001,Khakis
1002,Khakis
1003,Khakis
1004,Turquoises
1005,Khakis
1006,Khakis
1007,Khakis
1008,Khakis
1009,Khakis
1010,Khakis
1011,Khakis
1012,Khakis
1013,Khakis
1014,Violets
1015,Violets
1016,Khakis
1017,Khakis
1018,Blues
1019,Khakis
1020,Khakis
1021,Khakis
1022,Khakis
1023,Oranges
1024,Khakis
1025,Khakis
1026,Khakis
1027,Oranges
1028,Khakis
1029,Khakis
1030,Khakis
1031,Khakis
1032,Turquoises
1033,Khakis
1034,Khakis
1035,Yellows
1036,Khakis
1037,Turquoises
1038,Khakis
1039,Khakis
1040,Oranges
1041,Khakis
1042,Khakis
1043,Turquoises
1044,Khakis
1045,Khakis
1046,Khakis
1047,Khakis
1048,Greys
1049,Turquoises
1050,Violets
1051,Oranges
1052,Khakis
1053,Khakis
1054,Khakis
1055,Khakis
1056,Khakis
1057,Khakis
1058,Khakis
1059,Turquoises
1060,Khakis
1061,Khakis
1062,Khakis
1063,Oranges
1064,Khakis
1065,Greys
1066,Khakis
1067,Khakis
1068,Khakis
1069,Khakis
1070,Khakis
1071,Khakis
1072,Khakis
1073,Khakis
1074,Greens
1075,Blues
1076,Turquoises
1077,Oranges
1078,Khakis
1079,Yellows
1080,Khakis
1081,Khakis
1082,Khakis
1083,Khakis
1084,Khakis
1085,Khakis
1086,Khakis
1087,Khakis
1088,Khakis
1089,Khakis
1090,Khakis
1091,Khakis
1092,Khakis
1093,Khakis
1094,Khakis
1095,Khakis
1096,Khakis
1097,Khakis
1098,Khakis
1099,Oranges
1100,Yellows
1101,Khakis
1102,Khakis
1103,Khakis
1104,Yellows
1105,Khakis
1106,Khakis
1107,Blues
1108,Khakis
1109,Khakis
1110,Khakis
1111,Khakis
1112,Khakis
1113,Turquoises
1114,Khakis
1115,Khakis
1116,Khakis
1117,Khakis
1118,Khakis
1119,Khakis
1120,Greens
1121,Khakis
1122,Khakis
1123,Khakis
1124,Khakis
1125,Khakis
1126,Blues
1127,Khakis
1128,Oranges
1129,Khakis
1130,Oranges
1131,Khakis
1132,Violets
1133,Khakis
1134,Khakis
1135,Khakis
1136,Violets
1137,Khakis
1138,Khakis
1139,Blues
1140,Yellows
1141,Khakis
1142,Khakis
1143,Khakis
1144,Khakis
1145,Khakis
1146,Khakis
1147,Khakis
1148,Khakis
1149,Blues
1150,Khakis
1151,Khakis
1152,Khakis
1153,Oranges
1154,Khakis
1155,Yellows
1156,Oranges
1157,Khakis
1158,Yellows
1159,Khakis
1160,Khakis
1161,Blues
1162,Khakis
1163,Khakis
1164,Greens
1165,Blues
1166,Khakis
1167,Khakis
1168,Violets
1169,Khakis
1170,Khakis
1171,Yellows
1172,Khakis
1173,Khakis
1174,Khakis
1175,Khakis
1176,Khakis
1177,Khakis
1178,Khakis
1179,Khakis
1180,Khakis
1181,Khakis
1182,Khakis
1183,Khakis
1184,Khakis
1185,Khakis
1186,Khakis
1187,Oranges
1188,Turquoises
1189,Khakis
1190,Yellows
1191,Khakis
1192,Khakis
1193,Khakis
1194,Khakis
1195,Blues
1196,Oranges
1197,Khakis
1198,Khakis
1199,Oranges
1200,Greys
1201,Khakis
1202,Khakis
1203,Khakis
1204,Khakis
1205,Blues
1206,Khakis
1207,Violets
1208,Khakis
1209,Khakis
1210,Khakis
1211,Khakis
1212,Blues
1213,Khakis
1214,Oranges
1215,Khakis
1216,Violets
1217,Yellows
1218,Blues
1219,Khakis
1220,Khakis
1221,Khakis
1222,Khakis
1223,Khakis
1224,Khakis
1225,Khakis
1226,Khakis
1227,Yellows
1228,Khakis
1229,Khakis
1230,Khakis
1231,Khakis
1232,Turquoises
1233,Khakis
1234,Khakis
1235,Khakis
1236,Khakis
1237,Khakis
1238,Whites
1239,Khakis
1240,Khakis
1241,Blues
1242,Violets
1243,Khakis
1244,Khakis
1245,Violets
1246,Khakis
1247,Khakis
1248,Khakis
1249,Khakis
1250,Khakis
1251,Yellows
1252,Khakis
1253,Khakis
1254,Khakis
1255,Khakis
1256,Khakis
1257,Khakis
1258,Yellows
1259,Khakis
1260,Khakis
1261,Khakis
1262,Khakis
1263,Khakis
1264,Khakis
1265,Khakis
1266,Oranges
1267,Khakis
1268,Blues
1269,Oranges
1270,Yellows
1271,Khakis
1272,Blues
1273,Khakis
1274,Turquoises
1275,Violets
1276,Khakis
1277,Khakis
1278,Khakis
1279,Khakis
1280,Blues
1281,Khakis
1282,Oranges
1283,Khakis
1284,Khakis
1285,Khakis
1286,Khakis
1287,Khakis
1288,Khakis
1289,Khakis
1290,Blues
1291,Khakis
1292,Khakis
1293,Violets
1294,Turquoises
1295,Khakis
1296,Khakis
1297,Khakis
1298,Oranges
1299,Khakis
1300,Khakis
1301,Khakis
1302,Khakis
1303,Khakis
1304,Yellows
1305,Khakis
1306,Khakis
1307,Khakis
1308,Khakis
1309,Khakis
1310,Khakis
1311,Blues
1312,Khakis
1313,Violets
1314,Khakis
1315,Yellows
1316,Oranges
1317,Violets
1318,Blues
1319,Khakis
1320,Khakis
1321,Khakis
1322,Turquoises
1323,Violets
1324,Khakis
1325,Blues
1326,Khakis
1327,Khakis
1328,Khakis
1329,Khakis
1330,Khakis
1331,Khakis
1332,Khakis
1333,Yellows
1334,Blues
1335,Khakis
1336,Khakis
1337,Khakis
1338,Khakis
1339,Khakis
1340,Oranges
1341,Khakis
1342,Oranges
1343,Turquoises
1344,Khakis
1345,Khakis
1346,Yellows
1347,Yellows
1348,Oranges
1349,Khakis
1350,Blues
1351,Khakis
1352,Violets
1353,Blues
1354,Khakis
1355,Khakis
1356,Khakis
1357,Khakis
1358,Khakis
1359,Blues
1360,Khakis
1361,Yellows
1362,Khakis
1363,Yellows
1364,Khakis
1365,Khakis
1366,Khakis
1367,Khakis
1368,Khakis
1369,Khakis
1370,Khakis
1371,Khakis
1372,Khakis
1373,Blues
1374,Khakis
1375,Khakis
1376,Khakis
1377,Khakis
1378,Khakis
1379,Khakis
1380,Khakis
1381,Khakis
1382,Khakis
1383,Khakis
1384,Khakis
1385,Greys
1386,Khakis
1387,Blues
1388,Khakis
1389,Khakis
1390,Khakis
1391,Violets
1392,Khakis
1393,Violets
1394,Violets
1395,Khakis
1396,Khakis
1397,Khakis
1398,Khakis
1399,Oranges
1400,Oranges
1401,Khakis
1402,Yellows
1403,Khakis
1404,Khakis
1405,Khakis
1406,Khakis
1407,Greens
1408,Khakis
1409,Greens
1410,Khakis
1411,Khakis
1412,Khakis
1413,Khakis
1414,Oranges
1415,Blues
1416,Yellows
1417,Khakis
1418,Khakis
1419,Khakis
1420,Khakis
1421,Khakis
1422,Khakis
1423,Khakis
1424,Khakis
1425,Yellows
1426,Turquoises
1427,Khakis
1428,Blues
1429,Khakis
1430,Khakis
1431,Oranges
1432,Khakis
1433,Khakis
1434,Khakis
1435,Blues
1436,Khakis
1437,Khakis
1438,Khakis
1439,Khakis
1440,Yellows
1441,Greys
1442,Khakis
1443,Greys
1444,Khakis
1445,Khakis
1446,Blues
1447,Blues
1448,Khakis
1449,Khakis
1450,Khakis
1451,Violets
1452,Khakis
1453,Khakis
1454,Blues
1455,Turquoises
1456,Khakis
1457,Khakis
1458,Khakis
1459,Greens
1460,Khakis
1461,Khakis
1462,Khakis
1463,Khakis
1464,Khakis
1465,Blues
1466,Blues
1467,Khakis
1468,Khakis
1469,Khakis
1470,Yellows
1471,Khakis
1472,Khakis
1473,Oranges
1474,Turquoises
1475,Yellows
1476,Khakis
1477,Violets
1478,Oranges
1479,Greys
1480,Khakis
1481,Blues
1482,Yellows
1483,Khakis
1484,Khakis
1485,Khakis
1486,Oranges
1487,Oranges
1488,Khakis
1489,Khakis
1490,Khakis
1491,Khakis
1492,Khakis
1493,Khakis
1494,Khakis
1495,Khakis
1496,Khakis
1497,Turquoises
1498,Khakis
1499,Khakis
1500,Khakis
1501,Oranges
1502,Khakis
1503,Khakis
1504,Khakis
1505,Khakis
1506,Oranges
1507,Khakis
1508,Khakis
1509,Yellows
1510,Turquoises
1511,Yellows
1512,Khakis
1513,Khakis
1514,Yellows
1515,Turquoises
1516,Blues
1517,Yellows
1518,Khakis
1519,Khakis
1520,Turquoises
1521,Khakis
1522,Khakis
1523,Khakis
1524,Khakis
1525,Khakis
1526,Khakis
1527,Khakis
1528,Oranges
1529,Oranges
1530,Oranges
1531,Yellows
1532,Khakis
1533,Khakis
1534,Khakis
1535,Khakis
1536,Khakis
1537,Violets
1538,Khakis
1539,Khakis
1540,Khakis
1541,Khakis
1542,Khakis
1543,Khakis
1544,Khakis
1545,Blues
1546,Khakis
1547,Khakis
1548,Blues
1549,Khakis
1550,Khakis
1551,Khakis
1552,Violets
1553,Greens
1554,Khakis
1555,Khakis
1556,Greys
1557,Khakis
1558,Khakis
1559,Khakis
1560,Yellows
1561,Violets
1562,Violets
1563,Blues
1564,Khakis
1565,Khakis
1566,Khakis
1567,Khakis
1568,Khakis
1569,Khakis
1570,Yellows
1571,Yellows
1572,Greys
1573,Khakis
1574,Oranges
1575,Yellows
1576,Oranges
1577,Blues
1578,Khakis
1579,Khakis
1580,Oranges
1581,Greens
1582,Khakis
1583,Khakis
1584,Oranges
1585,Yellows
1586,Khakis
1587,Blues
1588,Khakis
1589,Khakis
1590,Khakis
1591,Khakis
1592,Khakis
1593,Violets
1594,Khakis
1595,Khakis
1596,Turquoises
1597,Khakis
1598,Khakis
1599,Khakis
1600,Violets
1601,Violets
1602,Khakis
1603,Khakis
1604,Khakis
1605,Khakis
1606,Khakis
1607,Greys
1608,Yellows
1609,Khakis
1610,Khakis
1611,Khakis
1612,Blues
1613,Khakis
1614,Oranges
1615,Khakis
1616,Khakis
1617,Khakis
1618,Khakis
1619,Khakis
1620,Khakis
1621,Khakis
1622,Khakis
1623,Blues
1624,Khakis
1625,Khakis
1626,Oranges
1627,Khakis
1628,Khakis
1629,Khakis
1630,Yellows
1631,Greys
1632,Khakis
1633,Khakis
1634,Khakis
1635,Khakis
1636,Oranges
1637,Khakis
1638,Khakis
1639,Khakis
1640,Yellows
1641,Violets
1642,Khakis
1643,Khakis
1644,Khakis
1645,Khakis
1646,Khakis
1647,Yellows
1648,Khakis
1649,Khakis
1650,Turquoises
1651,Khakis
1652,Khakis
1653,Oranges
1654,Yellows
1655,Khakis
1656,Khakis
1657,Violets
1658,Khakis
1659,Khakis
1660,Khakis
1661,Yellows
1662,Khakis
1663,Khakis
1664,Khakis
1665,Khakis
1666,Khakis
1667,Khakis
1668,Khakis
1669,Khakis
1670,Khakis
1671,Khakis
1672,Khakis
1673,Khakis
1674,Khakis
1675,Khakis
1676,Khakis
1677,Khakis
1678,Whites
1679,Khakis
1680,Khakis
1681,Khakis
1682,Khakis
1683,Khakis
1684,Oranges
1685,Khakis
1686,Turquoises
1687,Yellows
1688,Khakis
1689,Khakis
1690,Khakis
1691,Khakis
1692,Khakis
1693,Yellows
1694,Khakis
1695,Blues
1696,Yellows
1697,Khakis
1698,Khakis
1699,Khakis
1700,Khakis
1701,Khakis
1702,Khakis
1703,Turquoises
1704,Khakis
1705,Khakis
1706,Khakis
1707,Khakis
1708,Khakis
1709,Violets
1710,Khakis
1711,Khakis
1712,Khakis
1713,Khakis
1714,Khakis
1715,Violets
1716,Khakis
1717,Khakis
1718,Khakis
1719,Khakis
1720,Khakis
1721,Khakis
1722,Khakis
1723,Oranges
1724,Khakis
1725,Khakis
1726,Khakis
1727,Khakis
1728,Khakis
1729,Khakis
1730,Khakis
1731,Khakis
1732,Khakis
1733,Khakis
1734,Yellows
1735,Khakis
1736,Blues
1737,Oranges
1738,Khakis
1739,Oranges
1740,Violets
1741,Khakis
1742,Oranges
1743,Khakis
1744,Yellows
1745,Turquoises
1746,Khakis
1747,Blues
1748,Oranges
1749,Khakis
1750,Khakis
1751,Greys
1752,Khakis
1753,Oranges
1754,Oranges
1755,Yellows
1756,Khakis
1757,Khakis
1758,Khakis
1759,Khakis
1760,Khakis
1761,Khakis
1762,Oranges
1763,Khakis
1764,Khakis
1765,Blues
1766,Turquoises
1767,Oranges
1768,Khakis
1769,Khakis
1770,Khakis
1771,Blues
1772,Khakis
1773,Khakis
1774,Khakis
1775,Khakis
1776,Khakis
1777,Khakis
1778,Khakis
1779,Khakis
1780,Blues
1781,Khakis
1782,Khakis
1783,Khakis
1784,Oranges
1785,Khakis
1786,Khakis
1787,Khakis
1788,Khakis
1789,Greys
1790,Khakis
1791,Khakis
1792,Khakis
1793,Khakis
1794,Blues
1795,Khakis
1796,Khakis
1797,Blues
1798,Khakis
1799,Khakis
1800,Turquoises
1801,Khakis
1802,Khakis
1803,Oranges
1804,Khakis
1805,Khakis
1806,Khakis
1807,Yellows
1808,Blues
1809,Khakis
1810,Oranges
1811,Khakis
1812,Khakis
1813,Khakis
1814,Khakis
1815,Blues
1816,Oranges
1817,Turquoises
1818,Oranges
1819,Khakis
1820,Khakis
1821,Khakis
1822,Turquoises
1823,Khakis
1824,Turquoises
1825,Khakis
1826,Khakis
1827,Khakis
1828,Khakis
1829,Khakis
1830,Khakis
1831,Khakis
1832,Khakis
1833,Blues
1834,Khakis
1835,Khakis
1836,Turquoises
1837,Khakis
1838,Khakis
1839,Khakis
1840,Khakis
1841,Khakis
1842,Yellows
1843,Violets
1844,Khakis
1845,Khakis
1846,Khakis
1847,Turquoises
1848,Khakis
1849,Oranges
1850,Khakis
1851,Khakis
1852,Khakis
1853,Blues
1854,Khakis
1855,Khakis
1856,Khakis
1857,Yellows
1858,Yellows
1859,Khakis
1860,Oranges
1861,Khakis
1862,Khakis
1863,Khakis
1864,Turquoises
1865,Khakis
1866,Khakis
1867,Turquoises
1868,Khakis
1869,Khakis
1870,Khakis
1871,Khakis
1872,Turquoises
1873,Khakis
1874,Khakis
1875,Yellows
1876,Khakis
1877,Khakis
1878,Khakis
1879,Yellows
1880,Reds
1881,Khakis
1882,Khakis
1883,Khakis
1884,Khakis
1885,Khakis
1886,Oranges
1887,Khakis
1888,Khakis
1889,Khakis
1890,Khakis
1891,Turquoises
1892,Khakis
1893,Khakis
1894,Khakis
1895,Blues
1896,Khakis
1897,Khakis
1898,Khakis
1899,Khakis
1900,Khakis
1901,Khakis
1902,Greens
1903,Khakis
1904,Khakis
1905,Turquoises
1906,Khakis
1907,Khakis
1908,Yellows
1909,Khakis
1910,Khakis
1911,Khakis
1912,Oranges
1913,Khakis
1914,Khakis
1915,Khakis
1916,Khakis
1917,Khakis
1918,Khakis
1919,Khakis
1920,Khakis
1921,Turquoises
1922,Khakis
1923,Khakis
1924,Violets
1925,Khakis
1926,Oranges
1927,Oranges
1928,Turquoises
1929,Oranges
1930,Khakis
1931,Turquoises
1932,Violets
1933,Khakis
1934,Khakis
1935,Khakis
1936,Khakis
1937,Khakis
1938,Khakis
1939,Khakis
1940,Khakis
1941,Khakis
1942,Khakis
1943,Khakis
1944,Khakis
1945,Khakis
1946,Blues
1947,Turquoises
1948,Khakis
1949,Violets
1950,Khakis
1951,Khakis
1952,Khakis
1953,Khakis
1954,Turquoises
1955,Oranges
1956,Khakis
1957,Khakis
1958,Oranges
1959,Khakis
1960,Khakis
1961,Khakis
1962,Yellows
1963,Yellows
1964,Khakis
1965,Khakis
1966,Khakis
1967,Khakis
1968,Khakis
1969,Khakis
1970,Khakis
1971,Blues
1972,Turquoises
1973,Khakis
1974,Turquoises
1975,Greens
1976,Khakis
1977,Khakis
1978,Khakis
1979,Yellows
1980,Blues
1981,Khakis
1982,Khakis
1983,Khakis
1984,Khakis
1985,Khakis
1986,Khakis
1987,Khakis
1988,Oranges
1989,Khakis
1990,Khakis
1991,Khakis
1992,Khakis
1993,Khakis
1994,Khakis
1995,Khakis
1996,Violets
1997,Khakis
1998,Khakis
1999,Greens
