,0,1
0,Khakis,
1,,
2,Browns,
3,Purples,
4,Pinks,
5,Browns,
6,Khakis,
7,Purples,
8,Khakis,
9,Browns,
10,Browns,
11,Purples,
12,Oranges,
13,Pinks,
14,Khakis,
15,Khakis,
16,Yellows,
17,Browns,
18,Purples,
19,Turquoises,
20,Greens,
21,Browns,
22,Purples,
23,Purples,
24,Purples,
25,Purples,
26,Purples,
27,Browns,
28,Blues,
29,Blues,
30,Blues,
31,Purples,
32,Pinks,
33,Purples,
34,Khakis,
35,Browns,
36,Khakis,
37,Browns,
38,Khakis,
39,Khakis,Turquoises
40,Khakis,
41,Purples,
42,Purples,
43,Oranges,
44,Browns,
45,Purples,
46,Khakis,
47,Reds,
48,Blues,
49,Purples,
50,Purples,
51,Khakis,
52,Greys,
53,Browns,
54,Greens,
55,Khakis,
56,Khakis,
57,Browns,
58,Turquoises,
59,Violets,
60,Reds,
61,Browns,Purples
62,Khakis,
63,Yellows,
64,Greys,
65,Purples,
66,Khakis,
67,Khakis,
68,Browns,
69,Purples,
70,Purples,
71,Browns,
72,,
73,Khakis,Violets
74,Purples,
75,Greys,
76,Khakis,
77,Violets,
78,Khakis,
79,Purples,
80,Greens,
81,Whites,
82,Greys,
83,Pinks,Purples
84,Khakis,
85,Browns,
86,Khakis,
87,Purples,
88,Purples,
89,Oranges,
90,Khakis,
91,Greens,
92,Whites,
93,Khakis,
94,Greens,
95,Purples,
96,Greens,
97,Oranges,
98,Turquoises,
99,Khakis,
100,Purples,
101,Turquoises,
102,Khakis,
103,Greys,
104,Greens,
105,Oranges,
106,Khakis,
107,Purples,
108,Khakis,
109,Pinks,
110,Browns,
111,Whites,
112,Browns,
113,Khakis,
114,,
115,Oranges,
116,Yellows,
117,Purples,
118,Khakis,
119,Khakis,
120,Turquoises,
121,Khakis,
122,Greens,
123,Purples,
124,Turquoises,
125,Khakis,
126,Purples,
127,Browns,Whites
128,Whites,
129,Whites,
130,Purples,
131,Reds,
132,Oranges,
133,Oranges,
134,Browns,
135,Greens,
136,Khakis,
137,Whites,
138,Browns,
139,Browns,
140,Khakis,
141,Purples,
142,Khakis,
143,Blues,
144,Browns,
145,Khakis,
146,Khakis,
147,Turquoises,
148,Purples,
149,Browns,
150,Blues,
151,Yellows,
152,Khakis,
153,Khakis,
154,Blues,
155,Khakis,
156,Yellows,
157,Whites,
158,Purples,
159,Khakis,
160,Browns,
161,Pinks,
162,Reds,
163,Greens,
164,Khakis,
165,Greens,
166,Khakis,
167,Greens,
168,Purples,
169,Khakis,
170,Browns,
171,Khakis,
172,Yellows,
173,Greens,
174,Browns,
175,Greens,
176,Khakis,
177,Khakis,
178,Greys,
179,,
180,Whites,
181,Pinks,
182,Purples,
183,Greens,
184,Purples,
185,,
186,Khakis,
187,Purples,
188,Purples,
189,Khakis,
190,Purples,
191,Khakis,
192,Khakis,
193,Pinks,
194,Purples,
195,Whites,
196,Reds,
197,Khakis,
198,Khakis,
199,Oranges,
200,Turquoises,
201,Purples,
202,Greens,
203,Khakis,
204,Greys,
205,Browns,
206,Blues,
207,Blues,
208,Khakis,Turquoises
209,Browns,
210,Oranges,
211,Purples,
212,Blues,
213,Greens,
214,Purples,
215,Purples,
216,Purples,
217,Purples,
218,Purples,
219,Whites,
220,Turquoises,
221,Purples,
222,Greens,
223,Whites,
224,Khakis,
225,Purples,
226,Browns,
227,Khakis,
228,Greys,
229,Turquoises,
230,Reds,
231,Purples,
232,Purples,
233,Khakis,
234,Greens,
235,Khakis,
236,Purples,
237,Purples,
238,Khakis,
239,Khakis,
240,Browns,
241,Browns,
242,Purples,
243,Purples,
244,Greens,
245,Reds,
246,Purples,
247,Purples,
248,Khakis,
249,Oranges,Reds
250,Purples,
251,,
252,Browns,
253,Browns,
254,Reds,
255,Whites,
256,Reds,
257,Greys,
258,Whites,
259,Purples,
260,Khakis,
261,Purples,
262,Purples,
263,Reds,
264,Purples,
265,Reds,
266,Greys,
267,Khakis,
268,Purples,
269,Purples,
270,Purples,
271,Reds,
272,,
273,Violets,
274,Browns,
275,Khakis,
276,Greys,
277,Khakis,
278,Greys,
279,Purples,
280,Khakis,
281,Khakis,
282,Yellows,
283,Purples,
284,Yellows,
285,Oranges,
286,Whites,
287,Khakis,
288,Blues,
289,Greens,
290,Reds,
291,Khakis,
292,Blues,
293,Purples,
294,Purples,
295,Purples,
296,Purples,
297,Purples,
298,Browns,
299,Blues,
300,Purples,
301,Blues,
302,Khakis,
303,Purples,
304,Purples,
305,Greys,
306,Whites,
307,Reds,
308,Greys,
309,Greys,
310,Khakis,
311,Purples,
312,Purples,
313,Purples,
314,Purples,
315,Purples,
316,Khakis,
317,Turquoises,
318,Greens,
319,Khakis,Violets
320,Purples,
321,Greens,
322,Yellows,
323,Browns,
324,Purples,
325,Purples,
326,Khakis,
327,Khakis,
328,Khakis,
329,Purples,
330,Browns,
331,Khakis,
332,,
333,Khakis,
334,Greys,
335,Purples,
336,Khakis,
337,Khakis,
338,Browns,
339,Browns,
340,Yellows,
341,Violets,
342,Greys,
343,Purples,
344,Purples,
345,Greens,
346,Purples,
347,Purples,
348,Greens,
349,Purples,
350,Browns,
351,Khakis,
352,Khakis,
353,Purples,
354,Browns,
355,Whites,
356,Browns,
357,Khakis,
358,Greys,
359,Blues,
360,Khakis,
361,Purples,
362,Purples,
363,Yellows,
364,Khakis,
365,Greens,
366,Khakis,
367,Khakis,
368,Yellows,
369,Purples,
370,Blues,
371,Khakis,
372,Browns,
373,Greens,
374,Yellows,
375,Purples,
376,Purples,
377,Khakis,
378,Reds,
379,Oranges,
380,Purples,
381,Khakis,
382,Browns,
383,,
384,Browns,
385,Khakis,
386,Khakis,
387,Purples,
388,Khakis,
389,Purples,
390,Khakis,Turquoises
391,Purples,
392,Khakis,
393,Khakis,
394,Purples,
395,Reds,
396,Yellows,
397,Browns,
398,Oranges,
399,Khakis,Violets
400,Purples,
401,Purples,
402,Greys,
403,Khakis,
404,Purples,
405,Greys,
406,Khakis,
407,,
408,Purples,
409,Reds,
410,Whites,
411,Whites,
412,Purples,
413,Blues,
414,Greys,
415,Blues,
416,Purples,
417,Purples,
418,Yellows,
419,Khakis,
420,Khakis,
421,Khakis,
422,Turquoises,
423,Pinks,
424,Khakis,
425,Turquoises,
426,,
427,Purples,
428,Purples,
429,Yellows,
430,Khakis,
431,Purples,
432,Khakis,
433,Purples,
434,Khakis,
435,Greys,
436,Pinks,
437,Purples,
438,Purples,
439,Pinks,
440,Browns,
441,Purples,
442,Browns,
443,Oranges,
444,Purples,
445,Purples,
446,Khakis,
447,Purples,
448,Whites,
449,Khakis,
450,Purples,
451,Greys,
452,Khakis,
453,Turquoises,
454,Browns,
455,Khakis,
456,Violets,
457,Purples,
458,Blues,
459,Greens,
460,Oranges,
461,Purples,
462,Yellows,
463,Yellows,
464,Khakis,Violets
465,Purples,
466,Yellows,
467,,
468,Blues,
469,Khakis,
470,Yellows,
471,Oranges,
472,Greys,
473,Yellows,
474,Khakis,
475,Purples,
476,Purples,
477,Khakis,Turquoises
478,Turquoises,
479,Whites,
480,Browns,
481,Greys,
482,Turquoises,
483,Greens,
484,Violets,
485,Purples,
486,Purples,
487,Browns,
488,Blues,
489,Purples,
490,,
491,Blues,
492,Purples,
493,Khakis,
494,Khakis,
495,Pinks,
496,Greys,
497,Blues,
498,Purples,
499,Purples,
500,Violets,
501,Purples,
502,Purples,
503,Purples,
504,Browns,
505,Purples,
506,Oranges,
507,Purples,
508,Purples,
509,Blues,
510,Browns,
511,Purples,
512,Purples,
513,Blues,
514,Turquoises,
515,Purples,
516,Pinks,
517,Blues,
518,Browns,
519,Purples,
520,Purples,
521,Purples,
522,Khakis,
523,Purples,
524,Purples,
525,Reds,
526,Greys,
527,Khakis,
528,Purples,
529,,
530,Khakis,
531,Reds,
532,Purples,
533,Yellows,
534,Reds,
535,Yellows,
536,Reds,
537,Greys,
538,Greys,
539,Khakis,
540,Violets,
541,,
542,Purples,
543,Browns,
544,Purples,
545,Reds,
546,Greys,
547,Purples,
548,Oranges,
549,Reds,
550,Browns,
551,Khakis,
552,Purples,
553,Purples,
554,Purples,
555,Reds,
556,Khakis,
557,Khakis,
558,Khakis,
559,Whites,
560,Khakis,
561,Purples,
562,Purples,
563,Pinks,
564,Purples,
565,Purples,
566,Purples,
567,Violets,
568,Greens,
569,Purples,
570,Browns,
571,Browns,
572,Khakis,
573,Purples,
574,Khakis,
575,Purples,
576,Purples,
577,Whites,
578,Khakis,
579,Purples,
580,Greens,
581,Khakis,
582,Turquoises,
583,Browns,
584,Khakis,
585,Khakis,
586,Khakis,
587,Oranges,
588,Purples,
589,Yellows,
590,Greens,
591,Khakis,
592,Reds,
593,Purples,
594,,
595,Browns,
596,,
597,Yellows,
598,Khakis,
599,Greys,
600,Khakis,
601,Browns,
602,Turquoises,Violets
603,Browns,
604,Blues,
605,,
606,Khakis,
607,Purples,
608,,
609,Purples,
610,Greys,
611,Turquoises,
612,Khakis,
613,Khakis,
614,Turquoises,
615,Browns,
616,Khakis,
617,Purples,
618,Turquoises,
619,Khakis,
620,Pinks,
621,Whites,
622,Yellows,
623,Greys,
624,Purples,
625,Violets,
626,Purples,
627,Browns,
628,Purples,
629,Greys,
630,Purples,
631,Khakis,
632,Browns,
633,Purples,
634,Browns,
635,Browns,
636,Purples,
637,Whites,
638,Purples,
639,Purples,
640,Whites,
641,Purples,
642,Yellows,
643,Khakis,
644,Greys,
645,Browns,
646,Khakis,
647,Khakis,
648,Browns,
649,Greens,
650,Khakis,
651,Pinks,
652,Reds,
653,Khakis,
654,Purples,
655,Khakis,
656,Browns,
657,Purples,
658,Khakis,
659,Turquoises,
660,Purples,
661,Oranges,
662,Purples,
663,Purples,
664,Reds,
665,Greens,
666,Browns,
667,Reds,
668,Turquoises,
669,Purples,
670,Greys,
671,Greys,
672,Purples,
673,Khakis,
674,Khakis,
675,Greens,
676,Greys,
677,Khakis,
678,Purples,
679,Khakis,
680,Khakis,
681,Oranges,
682,Turquoises,
683,Purples,
684,Reds,
685,Browns,
686,Turquoises,
687,,
688,Whites,
689,Greens,
690,Purples,
691,Khakis,
692,Purples,
693,Browns,
694,Turquoises,
695,Khakis,
696,Khakis,
697,Oranges,
698,Browns,
699,Purples,
700,Blues,
701,Blues,
702,Blues,
703,Khakis,
704,Reds,
705,Khakis,
706,Greens,
707,Whites,
708,Purples,
709,Browns,
710,Khakis,
711,,
712,Khakis,
713,Oranges,
714,Yellows,
715,Turquoises,
716,Khakis,
717,Reds,
718,Pinks,
719,Greys,
720,Blues,
721,Blues,
722,Purples,
723,Greys,
724,Browns,
725,Purples,
726,Purples,
727,Browns,
728,Purples,
729,Violets,
730,Pinks,
731,Khakis,
732,,
733,Khakis,
734,Khakis,
735,Turquoises,
736,Whites,
737,Purples,
738,Greens,
739,Purples,
740,Greens,
741,Greens,
742,Browns,
743,Browns,
744,Purples,
745,Purples,
746,Turquoises,
747,Whites,
748,Khakis,
749,Reds,
750,Khakis,
751,Khakis,
752,Blues,
753,Purples,
754,Greys,
755,Purples,
756,Browns,
757,,
758,Reds,
759,Purples,
760,Khakis,
761,Whites,
762,Oranges,
763,Reds,
764,Turquoises,
765,Turquoises,
766,Purples,
767,Greys,
768,Khakis,
769,Oranges,
770,Purples,
771,Browns,
772,Khakis,
773,,
774,Purples,
775,Turquoises,
776,Browns,
777,Khakis,
778,Purples,
779,Pinks,
780,Pinks,
781,Purples,
782,Khakis,
783,Purples,
784,Purples,
785,Purples,
786,Browns,
787,Khakis,
788,Turquoises,
789,Khakis,
790,Khakis,
791,Browns,Whites
792,Pinks,
793,Greens,
794,Khakis,
795,,
796,Khakis,
797,Purples,
798,Purples,
799,,
800,Purples,
801,Oranges,
802,,
803,Khakis,
804,Blues,
805,Whites,
806,Purples,
807,Khakis,
808,Violets,
809,Khakis,
810,Yellows,
811,Greens,
812,Purples,
813,Blues,
814,Browns,
815,Turquoises,
816,Yellows,
817,Browns,
818,Khakis,
819,Khakis,
820,Yellows,
821,Purples,
822,Browns,
823,Khakis,
824,Browns,
825,Oranges,
826,Purples,
827,Reds,
828,Purples,
829,Greens,
830,Turquoises,
831,Khakis,
832,Purples,
833,Blues,
834,Yellows,
835,Khakis,
836,Browns,
837,Reds,
838,Khakis,
839,Turquoises,
840,Oranges,
841,Purples,
842,Turquoises,
843,Whites,
844,Browns,
845,Khakis,
846,Greens,
847,Reds,
848,Greys,
849,Khakis,
850,Blues,
851,Purples,
852,Violets,
853,Khakis,
854,Browns,
855,Turquoises,
856,Pinks,
857,Khakis,
858,Browns,
859,Purples,
860,Blues,
861,Khakis,
862,Khakis,
863,Purples,
864,Khakis,
865,Blues,
866,Turquoises,
867,Whites,
868,Reds,
869,Browns,
870,Khakis,
871,Purples,
872,Whites,
873,Browns,
874,Reds,
875,Purples,
876,Greys,
877,Pinks,
878,Turquoises,
879,Purples,
880,Browns,
881,Violets,
882,,
883,Purples,
884,Pinks,
885,Blues,
886,Greys,
887,Khakis,Turquoises
888,Turquoises,
889,Greys,
890,Greys,
891,Khakis,
892,Browns,
893,Purples,
894,Purples,
895,Reds,
896,Browns,
897,Purples,
898,Blues,
899,Browns,
900,Purples,
901,Whites,
902,Browns,
903,Khakis,Violets
904,Purples,
905,Browns,
906,Oranges,
907,Khakis,
908,Purples,
909,Turquoises,
910,Purples,
911,Oranges,
912,Browns,
913,,
914,Greens,
915,Purples,
916,Greys,
917,Khakis,
918,Greens,
919,Blues,
920,Turquoises,
921,Purples,
922,,
923,,
924,,
925,Khakis,
926,,
927,Turquoises,
928,Yellows,
929,,
930,Greens,
931,Khakis,
932,Purples,
933,Turquoises,
934,Violets,
935,Khakis,
936,Khakis,
937,,
938,Browns,
939,Greens,
940,Violets,
941,Whites,
942,Browns,
943,Turquoises,
944,Purples,
945,Violets,
946,,
947,Purples,
948,Reds,
949,Khakis,
950,Browns,
951,Reds,
952,Greens,
953,,
954,Whites,
955,Purples,
956,Blues,
957,Khakis,
958,Whites,
959,Purples,
960,Browns,
961,Khakis,
962,Reds,
963,Khakis,
964,Greens,
965,Blues,
966,Turquoises,
967,Khakis,
968,Purples,
969,Blues,
970,Browns,
971,,
972,Oranges,
973,Pinks,
974,Purples,
975,Purples,
976,Khakis,
977,Blues,
978,Khakis,
979,Khakis,
980,Browns,Purples
981,Purples,
982,Khakis,
983,Khakis,
984,Purples,
985,,
986,Whites,
987,Greens,
988,Khakis,
989,Blues,
990,Purples,
991,Violets,
992,,
993,Pinks,
994,Reds,
995,Khakis,
996,Purples,
997,Khakis,
998,Greens,
999,Greens,
1000,Yellows,
1001,Purples,
1002,Purples,
1003,Greens,
1004,Khakis,
1005,Khakis,
1006,Turquoises,
1007,Violets,
1008,Khakis,
1009,Purples,
1010,Purples,
1011,Purples,
1012,Turquoises,
1013,Browns,
1014,Purples,
1015,Browns,
1016,,
1017,Pinks,
1018,Blues,
1019,Khakis,
1020,Khakis,
1021,Khakis,
1022,Purples,
1023,Greys,
1024,Purples,
1025,Purples,
1026,Greens,
1027,Reds,
1028,Khakis,
1029,Greens,
1030,Violets,
1031,Browns,
1032,Greens,
1033,Khakis,
1034,Purples,
1035,Browns,
1036,Whites,
1037,Khakis,
1038,Purples,
1039,Pinks,
1040,Greys,
1041,Purples,
1042,Purples,
1043,Yellows,
1044,Purples,
1045,Khakis,
1046,Browns,
1047,Khakis,
1048,Turquoises,
1049,Khakis,
1050,Khakis,
1051,Reds,
1052,Whites,
1053,Khakis,
1054,Greens,
1055,Khakis,
1056,Browns,
1057,Greens,
1058,Greys,
1059,Khakis,Turquoises
1060,Whites,
1061,Khakis,
1062,Purples,
1063,Greys,
1064,Khakis,
1065,Purples,
1066,Reds,
1067,Purples,
1068,Purples,
1069,Pinks,
1070,Yellows,
1071,Browns,
1072,Whites,
1073,Khakis,
1074,Khakis,
1075,Purples,
1076,Khakis,
1077,Greys,
1078,Khakis,
1079,,
1080,Purples,
1081,Purples,
1082,Purples,
1083,Whites,
1084,Purples,
1085,Browns,Whites
1086,Khakis,
1087,Purples,
1088,,
1089,Khakis,
1090,,
1091,Browns,
1092,Purples,
1093,Khakis,
1094,Yellows,
1095,Greens,
1096,Purples,
1097,Purples,
1098,Browns,
1099,Greys,
1100,Yellows,
1101,Purples,
1102,Browns,
1103,Browns,
1104,Purples,
1105,Khakis,
1106,Purples,
1107,Blues,
1108,Khakis,
1109,Purples,
1110,Khakis,
1111,Khakis,
1112,Reds,
1113,Khakis,
1114,Whites,
1115,Turquoises,
1116,Whites,
1117,Khakis,
1118,Purples,
1119,Greens,
1120,Khakis,
1121,Purples,
1122,Khakis,
1123,Purples,
1124,Oranges,
1125,Purples,
1126,Blues,
1127,Purples,
1128,Greys,
1129,Purples,
1130,Greys,
1131,,
1132,Turquoises,
1133,Purples,
1134,Purples,
1135,Khakis,
1136,Browns,
1137,Greens,
1138,Greens,
1139,Yellows,
1140,Purples,
1141,Whites,
1142,Purples,
1143,Pinks,
1144,Khakis,
1145,Whites,
1146,Purples,
1147,Purples,
1148,Khakis,
1149,Greens,
1150,Greens,
1151,Khakis,
1152,Khakis,
1153,Greys,
1154,Purples,
1155,Blues,
1156,Greys,
1157,Reds,
1158,Reds,
1159,Khakis,
1160,Purples,
1161,Blues,
1162,Browns,
1163,Khakis,
1164,Khakis,
1165,Purples,
1166,Greens,
1167,Turquoises,
1168,Khakis,
1169,Pinks,
1170,Khakis,
1171,Yellows,
1172,Purples,
1173,Khakis,
1174,Browns,
1175,Turquoises,Violets
1176,Turquoises,
1177,Khakis,
1178,Khakis,
1179,Khakis,
1180,Purples,
1181,Khakis,
1182,Yellows,
1183,Browns,
1184,Khakis,
1185,Greens,
1186,Violets,
1187,Reds,
1188,Khakis,
1189,Purples,
1190,Khakis,
1191,Browns,
1192,Purples,
1193,Turquoises,
1194,Browns,
1195,Blues,
1196,Greys,
1197,,
1198,Khakis,
1199,Reds,
1200,Purples,
1201,Khakis,
1202,Pinks,
1203,Browns,
1204,Purples,
1205,Blues,
1206,Browns,
1207,Purples,
1208,Purples,
1209,Reds,
1210,Khakis,
1211,Purples,
1212,Blues,
1213,Pinks,
1214,Greys,
1215,Khakis,
1216,Browns,
1217,Browns,
1218,Browns,
1219,Browns,
1220,Purples,
1221,Pinks,
1222,Purples,
1223,Khakis,
1224,Browns,
1225,Purples,
1226,Turquoises,
1227,Yellows,
1228,Khakis,
1229,Khakis,
1230,Khakis,
1231,Browns,
1232,Browns,
1233,Khakis,
1234,Khakis,
1235,Purples,
1236,Khakis,
1237,Whites,
1238,Khakis,
1239,Reds,
1240,Purples,
1241,Blues,
1242,Browns,
1243,Khakis,
1244,Purples,
1245,Khakis,
1246,Browns,
1247,Purples,
1248,Purples,
1249,Yellows,
1250,Whites,
1251,Greens,
1252,Khakis,
1253,Greens,
1254,Purples,
1255,Purples,
1256,Purples,
1257,Greens,
1258,,
1259,Purples,
1260,Pinks,
1261,Purples,
1262,Purples,
1263,Khakis,
1264,Purples,
1265,Purples,
1266,Reds,
1267,Khakis,
1268,Greens,
1269,Oranges,
1270,Whites,
1271,Browns,
1272,Blues,
1273,Violets,
1274,Greens,
1275,Browns,
1276,Browns,
1277,Purples,
1278,Purples,
1279,Purples,
1280,Blues,
1281,Turquoises,
1282,Greys,
1283,Purples,
1284,Khakis,
1285,Reds,
1286,Greys,
1287,Greens,
1288,Purples,
1289,Browns,
1290,Yellows,
1291,Purples,
1292,Purples,
1293,Purples,
1294,Khakis,
1295,Khakis,
1296,Purples,
1297,Greens,
1298,Greys,
1299,Turquoises,
1300,Khakis,
1301,Browns,
1302,Purples,
1303,Purples,
1304,Purples,
1305,Whites,
1306,Purples,
1307,Purples,
1308,Pinks,
1309,Greens,
1310,Purples,
1311,Blues,
1312,Violets,
1313,Khakis,
1314,Purples,
1315,Yellows,
1316,Greys,
1317,Browns,
1318,,
1319,Khakis,
1320,Khakis,
1321,Khakis,
1322,Khakis,
1323,Turquoises,
1324,Purples,
1325,Blues,
1326,Pinks,
1327,Purples,
1328,Khakis,
1329,Purples,
1330,Turquoises,
1331,Purples,
1332,Browns,
1333,Yellows,
1334,Blues,
1335,Khakis,
1336,Purples,
1337,Purples,
1338,Yellows,
1339,Purples,
1340,Greys,
1341,Purples,
1342,Greys,
1343,Purples,
1344,Whites,
1345,Khakis,
1346,Browns,
1347,Oranges,
1348,Greys,
1349,Browns,
1350,Blues,
1351,Reds,
1352,Oranges,
1353,Yellows,
1354,Purples,
1355,Purples,
1356,Purples,
1357,Greens,
1358,Purples,
1359,Blues,
1360,Turquoises,
1361,,
1362,Purples,
1363,Khakis,
1364,Khakis,
1365,Purples,
1366,Khakis,
1367,Khakis,
1368,Reds,
1369,Violets,
1370,Whites,
1371,Purples,
1372,Turquoises,
1373,Blues,
1374,Khakis,
1375,Turquoises,
1376,Khakis,
1377,Khakis,
1378,Pinks,
1379,Whites,
1380,Violets,
1381,Purples,
1382,Greens,
1383,Khakis,
1384,Whites,
1385,Purples,
1386,Purples,
1387,Blues,
1388,Purples,
1389,Purples,
1390,Browns,
1391,Browns,
1392,Khakis,
1393,Khakis,
1394,Purples,
1395,Khakis,
1396,Khakis,
1397,Khakis,
1398,Purples,
1399,Greys,
1400,Greys,
1401,Purples,
1402,Blues,
1403,Browns,
1404,,
1405,Purples,
1406,Purples,
1407,Khakis,
1408,Khakis,
1409,Khakis,
1410,Browns,
1411,Purples,
1412,Oranges,
1413,Purples,
1414,Reds,
1415,Blues,
1416,Blues,
1417,Purples,
1418,Purples,
1419,Khakis,
1420,Greens,
1421,Khakis,
1422,Khakis,
1423,Purples,
1424,Purples,
1425,,
1426,Khakis,
1427,,
1428,Browns,
1429,Turquoises,
1430,Browns,
1431,Greys,
1432,Purples,
1433,Purples,
1434,Khakis,
1435,Yellows,
1436,Reds,
1437,Khakis,
1438,Turquoises,
1439,Khakis,
1440,,
1441,Purples,
1442,Purples,
1443,Purples,
1444,Khakis,
1445,Pinks,
1446,Blues,
1447,Blues,
1448,Reds,
1449,,
1450,Browns,
1451,Khakis,Turquoises
1452,Purples,
1453,Purples,
1454,Blues,
1455,,
1456,Purples,
1457,Purples,
1458,Yellows,
1459,Khakis,
1460,Greens,
1461,Purples,
1462,Purples,
1463,,
1464,Khakis,
1465,Blues,
1466,Blues,
1467,Khakis,
1468,Purples,
1469,Browns,
1470,Purples,
1471,Yellows,
1472,Khakis,
1473,Oranges,
1474,Khakis,
1475,Greens,
1476,Violets,
1477,Khakis,Turquoises
1478,Reds,
1479,Purples,
1480,Purples,
1481,Blues,
1482,Pinks,
1483,Greens,
1484,Khakis,
1485,Browns,
1486,Oranges,
1487,Greys,
1488,Khakis,
1489,Greens,
1490,Purples,
1491,Greens,
1492,Violets,
1493,,
1494,Purples,
1495,Purples,
1496,Khakis,
1497,Yellows,
1498,Whites,
1499,Purples,
1500,Purples,
1501,Greys,
1502,Whites,
1503,Khakis,
1504,Browns,
1505,Turquoises,
1506,Oranges,
1507,Turquoises,
1508,Browns,
1509,Blues,
1510,Khakis,
1511,,
1512,Khakis,
1513,Greens,
1514,Yellows,
1515,Khakis,
1516,Blues,
1517,Turquoises,Violets
1518,Purples,
1519,Browns,
1520,Khakis,
1521,Turquoises,
1522,Purples,
1523,Khakis,Violets
1524,Khakis,
1525,Yellows,
1526,Whites,
1527,Khakis,Violets
1528,Oranges,
1529,Greys,
1530,Greys,Reds
1531,,
1532,Whites,
1533,Khakis,
1534,Purples,
1535,Browns,
1536,Khakis,
1537,Purples,
1538,Oranges,
1539,Purples,
1540,Purples,
1541,,
1542,Khakis,
1543,Purples,
1544,Purples,
1545,Blues,
1546,Purples,
1547,Pinks,
1548,Blues,
1549,Purples,
1550,Greens,
1551,Purples,
1552,Turquoises,
1553,Khakis,
1554,Purples,
1555,Reds,
1556,,
1557,Violets,
1558,Khakis,
1559,Whites,
1560,Blues,
1561,Khakis,
1562,Browns,
1563,Blues,
1564,Reds,
1565,Khakis,
1566,Purples,
1567,Khakis,
1568,Khakis,
1569,Violets,
1570,Purples,
1571,Yellows,
1572,Purples,
1573,Purples,
1574,,
1575,Oranges,
1576,Greys,
1577,Blues,
1578,Browns,
1579,Khakis,
1580,Greys,
1581,Khakis,
1582,Khakis,
1583,Reds,
1584,Greys,
1585,Reds,
1586,Purples,
1587,Blues,
1588,Purples,
1589,Turquoises,
1590,Browns,
1591,Purples,
1592,Greens,
1593,Khakis,
1594,Greys,
1595,Khakis,
1596,Greens,
1597,Yellows,
1598,,
1599,Greens,
1600,Khakis,
1601,Khakis,
1602,Purples,
1603,Whites,
1604,Purples,
1605,Purples,
1606,Purples,
1607,Greens,
1608,Yellows,
1609,Pinks,
1610,Purples,
1611,Khakis,
1612,Yellows,
1613,Browns,
1614,Oranges,
1615,Whites,
1616,Reds,
1617,Browns,
1618,,
1619,Purples,
1620,Browns,
1621,Khakis,
1622,Yellows,
1623,,
1624,Khakis,
1625,Purples,
1626,Reds,
1627,Purples,
1628,,
1629,Pinks,
1630,Reds,
1631,Oranges,
1632,Pinks,
1633,Purples,
1634,Khakis,
1635,Purples,
1636,Greys,
1637,Purples,
1638,Oranges,
1639,Khakis,
1640,,
1641,Browns,
1642,Browns,
1643,Purples,
1644,Purples,
1645,Purples,
1646,Khakis,
1647,Yellows,
1648,Oranges,
1649,Purples,
1650,Khakis,
1651,Khakis,
1652,Purples,
1653,Oranges,
1654,Oranges,
1655,Purples,
1656,Khakis,
1657,Purples,
1658,Khakis,
1659,Khakis,
1660,Purples,
1661,Blues,
1662,Greens,
1663,Purples,
1664,Violets,
1665,Khakis,
1666,Khakis,
1667,Purples,
1668,Purples,
1669,Pinks,
1670,Purples,
1671,Reds,
1672,Browns,
1673,Khakis,
1674,,
1675,Khakis,
1676,Whites,
1677,Browns,
1678,Turquoises,
1679,Whites,
1680,Khakis,
1681,Oranges,
1682,Greens,
1683,Greens,
1684,Greys,
1685,Khakis,
1686,Khakis,
1687,Reds,
1688,Purples,
1689,Khakis,
1690,Purples,
1691,Khakis,
1692,Purples,
1693,Khakis,
1694,Khakis,
1695,Blues,
1696,Yellows,
1697,Purples,
1698,Whites,
1699,Purples,
1700,Greens,
1701,Oranges,
1702,Khakis,
1703,Khakis,
1704,Oranges,
1705,Purples,
1706,Browns,
1707,Whites,
1708,Violets,
1709,Browns,
1710,Browns,Whites
1711,Greens,
1712,Khakis,
1713,Purples,
1714,Purples,
1715,Khakis,
1716,Browns,Whites
1717,Purples,
1718,Greens,
1719,,
1720,Purples,
1721,Purples,
1722,Purples,
1723,Reds,
1724,Purples,
1725,Khakis,
1726,Violets,
1727,Greens,
1728,Purples,
1729,Khakis,
1730,Browns,
1731,Khakis,
1732,Violets,
1733,Browns,
1734,Purples,
1735,Khakis,
1736,Blues,
1737,Greys,Oranges
1738,Khakis,
1739,Greys,
1740,Browns,
1741,Khakis,
1742,Greys,
1743,Purples,
1744,Yellows,
1745,Khakis,
1746,Purples,
1747,Blues,
1748,Reds,
1749,,
1750,Yellows,
1751,Greens,
1752,Purples,
1753,Oranges,
1754,Greys,
1755,Purples,
1756,Turquoises,
1757,Purples,
1758,Browns,
1759,Purples,
1760,Pinks,
1761,Pinks,
1762,Greys,
1763,Purples,
1764,Browns,
1765,Yellows,
1766,Reds,
1767,Greys,Oranges
1768,Purples,
1769,Purples,
1770,Yellows,
1771,Blues,
1772,Oranges,
1773,Khakis,Violets
1774,Purples,
1775,Pinks,
1776,Purples,
1777,Purples,
1778,Khakis,
1779,Purples,
1780,Blues,
1781,Khakis,
1782,Purples,
1783,Greens,
1784,Greys,
1785,Purples,
1786,Violets,
1787,Khakis,
1788,Khakis,
1789,Greens,
1790,Khakis,
1791,Purples,
1792,Khakis,
1793,Purples,
1794,Blues,
1795,Greys,
1796,Browns,
1797,Blues,
1798,Purples,
1799,Greens,
1800,Browns,
1801,Khakis,
1802,Greens,
1803,Reds,
1804,Purples,
1805,Oranges,
1806,Violets,
1807,Khakis,
1808,Blues,
1809,Browns,
1810,Greys,
1811,Purples,
1812,Khakis,
1813,Khakis,
1814,,
1815,Blues,
1816,Reds,
1817,Khakis,
1818,Greys,
1819,Oranges,
1820,Whites,
1821,Purples,
1822,Greens,
1823,Purples,
1824,Khakis,
1825,Purples,
1826,Khakis,
1827,Purples,
1828,Khakis,
1829,Whites,
1830,Purples,
1831,Whites,
1832,Turquoises,
1833,Blues,
1834,Browns,Whites
1835,Purples,
1836,Yellows,
1837,Pinks,Whites
1838,Browns,
1839,Purples,
1840,Khakis,
1841,Whites,
1842,Greens,
1843,Oranges,
1844,Khakis,
1845,Khakis,
1846,Browns,
1847,Khakis,
1848,Khakis,
1849,Reds,
1850,Purples,
1851,Violets,
1852,Purples,
1853,Blues,
1854,Browns,
1855,Greys,
1856,Turquoises,
1857,Purples,
1858,Browns,
1859,Pinks,
1860,Greys,
1861,Purples,
1862,Oranges,
1863,Khakis,
1864,Greens,
1865,Browns,
1866,Purples,
1867,Khakis,
1868,Browns,
1869,Khakis,
1870,Purples,
1871,Purples,
1872,Khakis,
1873,Whites,
1874,Turquoises,
1875,Purples,
1876,Khakis,
1877,Khakis,
1878,Greys,
1879,Reds,
1880,Khakis,
1881,Yellows,
1882,Khakis,
1883,Purples,
1884,Browns,
1885,Purples,
1886,Greys,
1887,Browns,
1888,Khakis,
1889,Browns,
1890,Greens,
1891,Khakis,
1892,Purples,
1893,Whites,
1894,Greens,
1895,Blues,
1896,Purples,
1897,Purples,
1898,Pinks,
1899,Purples,
1900,Khakis,
1901,Purples,
1902,Khakis,
1903,Whites,
1904,Pinks,
1905,Khakis,
1906,Khakis,
1907,Purples,
1908,Purples,
1909,Purples,
1910,Khakis,
1911,Whites,
1912,Reds,
1913,Whites,
1914,Oranges,
1915,Purples,
1916,Turquoises,
1917,Browns,
1918,Reds,
1919,Turquoises,
1920,Khakis,
1921,Khakis,
1922,Khakis,
1923,Khakis,
1924,Khakis,
1925,Khakis,
1926,Greys,
1927,,
1928,Khakis,
1929,Greys,
1930,Purples,
1931,Purples,
1932,Turquoises,
1933,Khakis,
1934,Khakis,
1935,Greens,
1936,Browns,
1937,,
1938,Turquoises,
1939,Purples,
1940,Khakis,
1941,Khakis,
1942,Browns,
1943,Browns,
1944,Purples,
1945,Pinks,
1946,Blues,
1947,Khakis,
1948,Purples,
1949,Browns,
1950,Reds,
1951,Greens,
1952,Purples,
1953,Purples,
1954,Khakis,Yellows
1955,Reds,
1956,Purples,
1957,Browns,
1958,Reds,
1959,Browns,Purples
1960,Browns,
1961,Whites,
1962,Blues,
1963,Purples,
1964,Browns,
1965,Purples,
1966,,
1967,,
1968,Purples,
1969,Purples,
1970,Purples,
1971,Yellows,
1972,Khakis,
1973,Purples,
1974,Greens,
1975,Khakis,
1976,Purples,
1977,Khakis,
1978,Browns,
1979,Khakis,
1980,Blues,
1981,Greens,
1982,Browns,
1983,Turquoises,
1984,Purples,
1985,Purples,
1986,Purples,
1987,Khakis,
1988,Reds,
1989,Browns,
1990,Purples,
1991,Pinks,
1992,Purples,
1993,Oranges,
1994,Greens,
1995,Purples,
1996,Browns,
1997,Oranges,
1998,Purples,
1999,Khakis,
