6388,Reds
1244,Khakis
7054,Browns
9660,Purples
9856,Whites
7083,Purples
1680,Greens
7775,Purples
7169,Browns
500,Yellows
8875,Khakis
1254,Khakis
9851,Yellows
4616,Khakis
754,Khakis
7209,Purples
4461,Purples
4485,Purples
293,Khakis
8054,Reds
6471,Pinks
497,Khakis
7305,Turquoises
1604,Turquoises
6573,Pinks
6006,Khakis
1431,Yellows
3835,Purples
1935,Browns
9201,Purples
6023,Reds
2822,Purples
6001,Purples
7943,Khakis
4449,Oranges
9860,Khakis
4181,Greys
5079,Pinks
9310,Purples
5866,Greys
4019,Khakis
937,Khakis
4738,Turquoises
1292,Greys
6002,Reds
9472,Purples
9869,Oranges
9422,Khakis
6732,Pinks
3196,Browns
8629,Purples
5902,Greens
4876,Pinks
1135,Greys
1321,Blues
4690,Khakis
1228,Purples
8191,Purples
6803,Purples
6367,Purples
4980,Oranges
1032,Khakis
8932,Yellows
6031,Greys
7877,Khakis
5384,Turquoises
5568,Purples
246,Pinks
2216,Whites
4365,Khakis
2844,Purples
3126,Yellows
7952,Turquoises
4941,Turquoises
9263,Khakis
7093,Turquoises
8897,Purples
872,Purples
5780,Oranges
6156,Purples
2911,Yellows
906,Khakis
4312,Purples
5732,Whites
9007,Khakis
2369,Turquoises
2144,Blues
2583,Browns
7802,Greys
7121,Purples
6237,Turquoises
5244,Purples
7047,Purples
4914,Khakis
6789,Purples
7353,Khakis
7091,Khakis
6359,Blues
6458,Purples
7773,Greens
5542,Whites
1092,Greys
1335,Greys
5521,Violets
494,Purples
7081,Purples
8714,Turquoises
1814,Blues
936,Purples
3276,Browns
2146,Browns
2198,Purples
2893,Khakis
8041,Reds
5067,Khakis
3136,Khakis
6114,Pinks
1120,Blues
847,Pinks
4147,Browns
2692,Turquoises
1596,Greens
7676,Oranges
6910,Yellows
858,Khakis
8496,Khakis
3329,Browns
5236,Yellows
8510,Blues
3817,Khakis
1698,Browns
6043,Yellows
4095,Violets
9042,Yellows
8887,Blues
7261,Whites
4847,Greys
7007,Purples
3732,Greys
5133,Browns
8071,Turquoises
3467,Turquoises
6941,Khakis
3187,Khakis
8131,Greys
391,Reds
186,Yellows
7933,Khakis
4587,Purples
5501,Khakis
7504,Khakis
6289,Browns
2053,Khakis
3302,Browns
4681,Purples
3033,Greys
9060,Purples
1439,Purples
4260,Violets
5147,Khakis
7376,Purples
8112,Whites
8626,Khakis
9136,Greens
9466,Purples
824,Purples
5940,Blues
6324,Khakis
2711,Purples
3108,Purples
1263,Oranges
3447,Purples
1678,Khakis
3132,Purples
5551,Browns
4377,Pinks
603,Browns
7634,Blues
430,Purples
9963,Purples
3544,Browns
2843,Khakis
8317,Khakis
6901,Violets
9861,Khakis
7098,Khakis
6012,Greens
3217,Oranges
1767,Khakis
5969,Khakis
9926,Turquoises
3913,Whites
4527,Khakis
2093,Turquoises
8773,Browns
2318,Purples
4376,Purples
1318,Reds
5103,Turquoises
4307,Purples
4803,Violets
8904,Oranges
5671,Purples
3229,Reds
9597,Turquoises
9839,Browns
2522,Khakis
3256,Greys
3085,Purples
7420,Purples
1320,Purples
1040,Khakis
2414,Purples
1078,Browns
9652,Turquoises
3504,Browns
8592,Khakis
8260,Purples
8464,Purples
5517,Purples
1628,Reds
6781,Pinks
8467,Purples
2756,Purples
215,Purples
7696,Browns
5860,Purples
6787,Turquoises
6301,Purples
5009,Greys
5577,Blues
7576,Khakis
6122,Blues
4040,Reds
3901,Whites
505,Khakis
2473,Oranges
8035,Khakis
5580,Greys
3129,Turquoises
4057,Whites
3881,Violets
5989,Purples
870,Khakis
7130,Purples
153,Pinks
7816,Whites
813,Purples
6940,Purples
3015,Khakis
7726,Khakis
120,Reds
8512,Khakis
773,Yellows
2126,Purples
2748,Purples
4002,Pinks
2069,Greens
1405,Oranges
4015,Purples
5520,Violets
2830,Purples
7157,Purples
680,Oranges
9352,Whites
2959,Whites
6990,Purples
4043,Khakis
70,Browns
459,Khakis
6931,Purples
8405,Blues
1800,Whites
7668,Khakis
3225,Reds
1591,Greys
6072,Yellows
5061,Turquoises
5165,Yellows
7370,Purples
4526,Greens
9704,Purples
4536,Khakis
6847,Purples
7074,Khakis
1629,Purples
6481,Purples
136,Browns
5086,Blues
6097,Blues
1302,Browns
1381,Khakis
8012,Khakis
5251,Turquoises
3704,Khakis
3296,Purples
2091,Yellows
3926,Reds
7568,Khakis
207,Purples
4329,Blues
7373,Greens
2011,Greens
3846,Reds
1330,Purples
3644,Khakis
6162,Purples
2733,Greys
9755,Browns
8732,Browns
4364,Blues
3875,Purples
2791,Browns
8609,Khakis
5625,Greens
1686,Violets
904,Whites
8731,Purples
6738,Turquoises
5893,Reds
2552,Reds
4801,Turquoises
6553,Khakis
8930,Turquoises
7008,Greens
178,Khakis
8991,Purples
5436,Purples
8171,Violets
1732,Browns
7630,Turquoises
1919,Purples
9183,Khakis
3969,Purples
3535,Purples
770,Purples
6549,Greens
9478,Purples
400,Khakis
6285,Greys
1440,Greys
8654,Browns
8242,Khakis
1447,Reds
7806,Violets
921,Blues
3794,Browns
900,Purples
4080,Reds
307,Yellows
7812,Purples
0,Khakis
1419,Purples
1477,Purples
5073,Turquoises
8459,Khakis
2044,Blues
5245,Purples
7623,Khakis
8739,Greys
9402,Turquoises
8181,Greys
5028,Greens
3839,Greys
4693,Purples
8093,Browns
6437,Purples
4189,Khakis
4799,Khakis
4288,Purples
6811,Khakis
2230,Purples
6684,Purples
7030,Violets
4371,Turquoises
7875,Reds
4718,Whites
2758,Oranges
2055,Oranges
1603,Blues
1192,Turquoises
5201,Purples
1549,Pinks
9123,Browns
7705,Khakis
341,Pinks
3483,Violets
7651,Greys
7343,Purples
1260,Oranges
1703,Turquoises
697,Yellows
9022,Purples
2532,Khakis
9551,Browns
6108,Purples
8030,Purples
2136,Violets
435,Khakis
2616,Reds
3520,Whites
6696,Khakis
1165,Browns
5668,Purples
5807,Purples
3001,Khakis
6695,Purples
6475,Purples
1929,Pinks
2897,Khakis
664,Khakis
2573,Purples
336,Khakis
7372,Purples
5406,Greys
7817,Khakis
3783,Purples
7318,Browns
1948,Oranges
7025,Blues
9938,Khakis
3340,Violets
1584,Blues
7516,Greys
6120,Purples
360,Browns
4837,Purples
1287,Khakis
4885,Purples
3221,Khakis
4454,Khakis
2278,Purples
4617,Purples
9726,Browns
7264,Purples
6358,Yellows
2856,Purples
5865,Khakis
9092,Pinks
4635,Purples
2857,Oranges
3322,Violets
4391,Purples
1608,Turquoises
2773,Blues
5973,Khakis
6559,Khakis
7483,Purples
7683,Turquoises
5265,Whites
9158,Khakis
2512,Whites
9962,Purples
5817,Pinks
2233,Purples
8568,Reds
6764,Browns
646,Purples
6212,Khakis
2713,Yellows
9988,Browns
8529,Turquoises
5317,Khakis
1574,Browns
7855,Purples
3067,Browns
5942,Pinks
6680,Khakis
1556,Purples
4405,Turquoises
5279,Turquoises
8638,Blues
9265,Purples
7441,Purples
2109,Greens
766,Purples
8348,Browns
6278,Turquoises
5156,Purples
6705,Pinks
7197,Greys
4522,Khakis
999,Khakis
8947,Browns
2518,Oranges
4776,Purples
7755,Greens
7512,Blues
4899,Purples
3284,Pinks
1360,Greens
3052,Browns
2416,Browns
328,Khakis
5187,Purples
5024,Khakis
466,Greys
8528,Purples
5007,Purples
4106,Browns
9109,Violets
7890,Whites
4468,Browns
107,Whites
1975,Purples
5928,Blues
2220,Greys
8866,Purples
2737,Greys
6826,Purples
1368,Whites
6689,Browns
805,Khakis
1248,Purples
8949,Blues
7333,Khakis
6506,Khakis
5349,Browns
37,Purples
6235,Reds
5596,Reds
6770,Yellows
5321,Khakis
7034,Greys
4360,Greens
2191,Purples
1786,Purples
3949,Khakis
8206,Browns
6737,Blues
3286,Reds
8825,Khakis
7888,Purples
741,Khakis
2451,Khakis
2123,Purples
2050,Browns
282,Purples
3198,Violets
9528,Greys
2961,Oranges
4390,Purples
7786,Purples
5017,Violets
5185,Purples
4870,Purples
2477,Yellows
5878,Browns
973,Whites
5571,Purples
8884,Khakis
4936,Purples
3404,Khakis
9214,Whites
9141,Yellows
6697,Purples
6844,Khakis
8639,Purples
7911,Oranges
4404,Purples
5504,Pinks
6511,Purples
2741,Violets
2635,Purples
1532,Greys
981,Purples
2100,Khakis
5161,Khakis
7021,Purples
547,Turquoises
3335,Browns
2306,Greens
2649,Purples
1227,Reds
9881,Khakis
2755,Violets
3909,Purples
4215,Purples
3419,Whites
7839,Khakis
1988,Browns
5023,Browns
9648,Greens
1545,Greens
6010,Purples
3899,Turquoises
5801,Whites
4620,Reds
2976,Greens
8160,Purples
56,Purples
8852,Greys
9081,Purples
68,Purples
2207,Turquoises
4491,Reds
208,Greens
4331,Khakis
2798,Purples
1637,Blues
3306,Blues
3853,Whites
5718,Purples
8718,Greens
3677,Pinks
913,Khakis
5446,Purples
3837,Browns
8219,Khakis
2829,Purples
6524,Turquoises
4436,Purples
8151,Greys
2324,Khakis
5543,Khakis
5909,Pinks
2333,Yellows
1550,Reds
5096,Purples
2095,Purples
8326,Purples
6801,Purples
3420,Purples
7603,Khakis
6064,Browns
9903,Greys
6304,Browns
3996,Khakis
8799,Turquoises
8869,Greys
1129,Purples
1295,Greys
8917,Purples
1501,Greens
8372,Greens
5184,Khakis
7154,Khakis
4048,Pinks
8759,Whites
9353,Khakis
4623,Browns
9718,Khakis
6315,Khakis
3896,Violets
73,Purples
6201,Greens
7796,Turquoises
8513,Violets
2024,Browns
3214,Purples
9259,Khakis
69,Purples
5374,Khakis
4471,Purples
2143,Whites
537,Browns
6980,Oranges
4207,Violets
1777,Purples
3933,Khakis
9437,Pinks
5712,Khakis
2996,Browns
363,Whites
40,Oranges
8727,Turquoises
2236,Whites
7248,Khakis
8127,Purples
3487,Whites
16,Violets
4569,Khakis
1954,Greens
5179,Pinks
4850,Purples
6232,Purples
2325,Oranges
4267,Purples
3918,Reds
7647,Purples
8539,Purples
2638,Browns
6947,Khakis
5046,Greys
6076,Reds
8365,Purples
3266,Reds
2366,Browns
8913,Violets
6294,Reds
4503,Greys
9094,Purples
848,Greens
1304,Greys
4235,Violets
1138,Khakis
9055,Purples
5673,Khakis
1844,Purples
8543,Purples
4502,Oranges
9904,Purples
8603,Greens
6148,Khakis
3283,Yellows
4793,Turquoises
5524,Purples
679,Yellows
7427,Purples
4839,Purples
2660,Pinks
6777,Blues
6608,Greys
782,Purples
790,Greys
8999,Reds
1511,Browns
8508,Purples
6654,Pinks
504,Purples
4073,Purples
2723,Turquoises
7606,Blues
2246,Yellows
4173,Whites
8756,Reds
3414,Khakis
3249,Oranges
95,Khakis
1586,Purples
1966,Browns
5552,Turquoises
4163,Browns
6752,Browns
2618,Greens
5614,Reds
2071,Reds
6380,Reds
6270,Pinks
6997,Browns
5605,Purples
3101,Pinks
1349,Greens
3092,Browns
6355,Blues
1012,Whites
4440,Browns
3224,Pinks
2656,Purples
8295,Greens
7409,Pinks
7478,Browns
997,Purples
1803,Turquoises
3745,Yellows
7785,Khakis
9621,Blues
7815,Purples
3446,Browns
6870,Khakis
1370,Greens
9065,Reds
1193,Browns
1319,Reds
5344,Greys
986,Turquoises
9101,Purples
6557,Purples
5403,Khakis
365,Khakis
2419,Turquoises
9450,Whites
1547,Turquoises
255,Browns
8677,Khakis
8834,Purples
395,Purples
3708,Pinks
4345,Khakis
6767,Khakis
6507,Reds
2950,Purples
582,Khakis
8749,Oranges
1635,Purples
840,Pinks
7553,Purples
5003,Turquoises
8013,Reds
1279,Khakis
4735,Reds
473,Greens
2866,Blues
2964,Khakis
3832,Purples
5068,Whites
3325,Greys
1336,Khakis
3228,Purples
7711,Yellows
9817,Greys
7379,Khakis
2540,Khakis
7772,Purples
7073,Turquoises
9583,Browns
8241,Pinks
4648,Violets
7419,Purples
8695,Khakis
6445,Browns
6336,Turquoises
9116,Turquoises
4750,Purples
4205,Purples
9460,Whites
7981,Reds
7108,Purples
6868,Purples
8788,Blues
8090,Purples
3417,Greens
2542,Oranges
7429,Greens
7682,Browns
1530,Purples
9784,Turquoises
3914,Yellows
8948,Khakis
7207,Whites
6144,Turquoises
9913,Greys
4351,Greys
7540,Browns
3038,Whites
2790,Greys
367,Khakis
5142,Khakis
3060,Turquoises
4701,Blues
398,Yellows
6303,Khakis
2319,Oranges
2373,Purples
1894,Khakis
7946,Greys
7808,Blues
310,Turquoises
7787,Turquoises
5813,Browns
6802,Oranges
7880,Whites
502,Khakis
6371,Purples
6343,Khakis
5640,Khakis
1747,Browns
4660,Oranges
1094,Purples
3005,Blues
7860,Khakis
9386,Violets
5752,Reds
2699,Browns
4093,Khakis
667,Purples
5353,Pinks
5043,Purples
7950,Khakis
5339,Blues
3415,Greys
3805,Whites
2329,Turquoises
4510,Purples
8525,Khakis
1886,Browns
108,Khakis
7206,Blues
5223,Violets
567,Oranges
3592,Browns
5150,Purples
370,Whites
1361,Purples
8113,Greens
9209,Pinks
3081,Khakis
9128,Khakis
3922,Greens
8579,Pinks
7223,Khakis
4658,Purples
2269,Pinks
8916,Khakis
2622,Purples
5213,Khakis
9725,Purples
7252,Greens
3365,Turquoises
7520,Reds
3920,Pinks
775,Violets
501,Violets
3252,Purples
9115,Yellows
6194,Khakis
7693,Purples
8000,Whites
7706,Purples
8907,Browns
8958,Purples
4271,Reds
3247,Reds
6051,Khakis
2360,Greys
2558,Blues
3442,Browns
6679,Reds
3851,Violets
9544,Khakis
8170,Greens
9282,Purples
1805,Blues
965,Turquoises
928,Khakis
6060,Browns
7551,Purples
4590,Pinks
164,Turquoises
8273,Pinks
1062,Browns
3534,Oranges
608,Khakis
5351,Purples
4923,Blues
4039,Purples
1820,Khakis
5092,Browns
7416,Khakis
7038,Blues
5180,Reds
6398,Pinks
111,Khakis
1460,Greens
9770,Greys
9292,Pinks
6641,Browns
2148,Purples
2603,Purples
590,Purples
9591,Yellows
8819,Violets
8910,Browns
303,Turquoises
5759,Oranges
4664,Reds
7418,Whites
1880,Oranges
7932,Greens
3200,Purples
6373,Blues
1183,Blues
6217,Greys
4326,Browns
175,Blues
9516,Reds
1221,Greens
3394,Pinks
7496,Purples
2354,Greys
594,Khakis
3819,Khakis
2157,Browns
6295,Yellows
619,Violets
8507,Purples
148,Purples
1707,Purples
7732,Purples
5293,Browns
2080,Yellows
8465,Greys
7326,Greens
3183,Blues
1763,Purples
5708,Violets
5157,Khakis
6540,Khakis
7724,Purples
5383,Purples
27,Whites
6036,Khakis
5481,Greens
4732,Whites
5115,Pinks
28,Violets
5116,Khakis
5880,Khakis
2322,Browns
1512,Purples
8578,Purples
4935,Purples
443,Purples
4851,Blues
8918,Khakis
3491,Turquoises
2034,Purples
9958,Turquoises
1464,Violets
80,Reds
2489,Purples
1713,Browns
7064,Browns
6933,Greys
8717,Reds
2045,Oranges
7312,Khakis
1920,Yellows
1616,Violets
6011,Purples
3211,Greens
7588,Purples
6907,Purples
53,Purples
7522,Purples
3650,Purples
8591,Violets
1372,Greens
4791,Turquoises
7736,Khakis
3820,Reds
8390,Greys
6302,Purples
2725,Khakis
4152,Greys
8889,Blues
4149,Browns
7285,Browns
562,Khakis
4709,Purples
271,Purples
7160,Purples
9176,Khakis
2042,Pinks
5106,Blues
4586,Khakis
9747,Greys
6613,Purples
1685,Purples
4037,Khakis
3714,Purples
2409,Purples
3203,Khakis
3970,Oranges
9965,Blues
9021,Purples
6220,Greens
1420,Browns
9418,Whites
6884,Khakis
3387,Browns
1752,Reds
5120,Purples
308,Browns
2928,Purples
2966,Reds
3872,Khakis
5330,Khakis
9666,Greys
2340,Oranges
7670,Khakis
6504,Greys
3532,Oranges
9485,Khakis
1897,Khakis
5001,Browns
7118,Reds
2424,Purples
4081,Yellows
615,Greens
8600,Blues
6494,Purples
5872,Purples
9221,Greens
5241,Purples
3830,Purples
6345,Khakis
267,Reds
8386,Purples
3336,Greys
5155,Khakis
88,Purples
2394,Khakis
2877,Purples
7385,Khakis
1428,Violets
5479,Turquoises
9841,Yellows
1215,Purples
4084,Purples
6233,Whites
1191,Purples
4177,Blues
9590,Purples
3947,Violets
8374,Reds
3121,Violets
9279,Purples
1306,Reds
3475,Blues
477,Greens
1950,Turquoises
6908,Purples
5104,Purples
7024,Browns
3440,Khakis
4704,Purples
891,Blues
8318,Purples
4193,Khakis
3186,Greys
2358,Purples
9257,Khakis
3173,Khakis
5905,Purples
8686,Reds
1211,Yellows
7622,Yellows
8008,Khakis
4441,Khakis
1668,Purples
8432,Whites
2568,Purples
2336,Purples
1749,Violets
8290,Blues
5692,Reds
6018,Khakis
1472,Khakis
6862,Whites
9901,Purples
4682,Turquoises
863,Blues
5910,Browns
1770,Khakis
7754,Greys
8956,Greens
8257,Pinks
2729,Browns
609,Khakis
7640,Greens
1179,Khakis
6894,Purples
2114,Turquoises
6087,Browns
5378,Turquoises
3163,Purples
676,Blues
1660,Purples
4736,Blues
8414,Turquoises
2211,Pinks
8590,Greys
1200,Pinks
7701,Pinks
8263,Whites
4151,Browns
4042,Purples
4972,Purples
2894,Greens
8435,Purples
6195,Greens
8341,Khakis
1403,Khakis
780,Purples
4420,Violets
3927,Khakis
7075,Browns
7916,Oranges
9577,Browns
977,Turquoises
1648,Greens
2998,Purples
8963,Purples
5486,Purples
458,Purples
3208,Khakis
4652,Browns
3041,Khakis
2800,Violets
9575,Purples
4394,Reds
7852,Khakis
8742,Khakis
7956,Browns
3022,Khakis
696,Purples
5655,Khakis
3536,Blues
4486,Reds
7899,Purples
8037,Purples
1576,Khakis
5039,Khakis
8738,Turquoises
5041,Purples
9604,Purples
2880,Purples
3721,Oranges
478,Khakis
1115,Greys
7388,Purples
3632,Oranges
8837,Purples
8284,Purples
5311,Purples
5305,Greens
319,Pinks
5331,Purples
6254,Purples
5637,Khakis
9941,Khakis
946,Purples
3375,Greens
3669,Purples
5329,Violets
4144,Blues
9202,Violets
3190,Purples
579,Yellows
7191,Pinks
1932,Blues
6731,Khakis
9048,Turquoises
6110,Purples
118,Khakis
4340,Oranges
6463,Purples
3915,Whites
5203,Turquoises
2666,Purples
7200,Violets
7596,Khakis
7393,Khakis
1160,Purples
9255,Purples
8,Whites
8500,Whites
809,Purples
436,Purples
9535,Purples
1342,Khakis
375,Whites
7182,Khakis
6191,Yellows
7957,Browns
165,Purples
2504,Khakis
5990,Khakis
8381,Whites
3370,Khakis
6063,Greys
9131,Reds
3554,Violets
3777,Browns
8649,Greens
6538,Whites
9997,Violets
9024,Khakis
8741,Reds
2226,Purples
7900,Browns
9710,Khakis
457,Yellows
9787,Browns
3013,Purples
7423,Greys
7459,Khakis
552,Oranges
5912,Yellows
3463,Purples
8142,Blues
302,Greens
8698,Purples
3006,Greens
6163,Purples
231,Whites
5601,Blues
2920,Purples
5396,Browns
7071,Khakis
4863,Khakis
4867,Pinks
4778,Khakis
7470,Khakis
2139,Reds
9853,Blues
3575,Greens
9342,Reds
9737,Purples
3254,Purples
3638,Khakis
2015,Greens
6266,Purples
4403,Turquoises
4397,Khakis
4117,Reds
8053,Oranges
9102,Pinks
3312,Khakis
4758,Reds
8719,Khakis
5291,Greens
4548,Khakis
6889,Browns
2922,Purples
6590,Browns
3405,Purples
5756,Violets
8337,Khakis
2370,Khakis
9863,Whites
6326,Turquoises
2612,Reds
1416,Khakis
7521,Purples
7652,Turquoises
5287,Reds
127,Greens
25,Yellows
1331,Khakis
2502,Khakis
312,Turquoises
5606,Browns
9700,Browns
3077,Yellows
5629,Purples
8133,Violets
6583,Browns
4979,Khakis
6337,Purples
3797,Purples
9977,Khakis
5487,Violets
662,Khakis
7924,Purples
4206,Oranges
1289,Purples
5569,Khakis
2668,Reds
9152,Purples
6226,Blues
7023,Pinks
1317,Khakis
3647,Turquoises
8043,Turquoises
5874,Browns
3295,Khakis
3530,Purples
1671,Khakis
9061,Reds
6735,Greys
3115,Greens
5831,Purples
30,Blues
2671,Browns
3334,Greens
9343,Khakis
2371,Khakis
5509,Blues
4274,Yellows
5997,Browns
1041,Browns
8007,Khakis
8546,Blues
6305,Purples
71,Greys
5934,Greys
9223,Reds
6321,Violets
1692,Khakis
3195,Greens
4745,Greys
4961,Purples
7015,Purples
6688,Purples
625,Oranges
248,Oranges
5863,Yellows
4729,Purples
1017,Purples
287,Blues
7826,Blues
2653,Greys
2180,Whites
2498,Turquoises
168,Purples
5746,Violets
5394,Khakis
8186,Greens
6938,Reds
4928,Greys
2273,Khakis
2691,Purples
7019,Browns
9045,Browns
4723,Greens
9163,Oranges
7277,Purples
4746,Browns
4859,Khakis
2208,Purples
6433,Browns
3948,Greens
3230,Khakis
4566,Purples
4453,Oranges
7740,Khakis
74,Violets
7874,Khakis
5516,Greys
8661,Greys
9618,Turquoises
638,Khakis
4689,Purples
9813,Purples
9563,Browns
5740,Turquoises
2200,Pinks
6160,Reds
6572,Purples
2133,Greens
8829,Khakis
796,Purples
917,Whites
3999,Reds
4094,Browns
3531,Browns
6227,Turquoises
4320,Violets
2310,Oranges
7629,Oranges
3321,Purples
2924,Greys
3026,Khakis
1030,Khakis
97,Purples
4300,Purples
9753,Purples
6347,Oranges
6143,Purples
889,Khakis
8107,Khakis
4995,Purples
7332,Purples
6898,Greens
3753,Purples
4820,Greys
4362,Pinks
1367,Khakis
6142,Browns
6188,Purples
300,Whites
7232,Reds
1798,Blues
4487,Purples
5698,Greys
4470,Khakis
4494,Violets
4788,Purples
1222,Browns
9973,Purples
8096,Purples
3919,Reds
3000,Turquoises
1020,Khakis
9325,Oranges
4862,Oranges
8283,Turquoises
6840,Browns
8230,Khakis
8423,Khakis
934,Khakis
1236,Purples
8262,Browns
5271,Purples
4296,Khakis
1792,Browns
2497,Violets
7243,Turquoises
657,Khakis
241,Blues
1626,Khakis
2515,Greens
3215,Greens
4006,Whites
7295,Pinks
2454,Khakis
6839,Reds
7374,Blues
4901,Greens
2202,Browns
5220,Khakis
1099,Oranges
7752,Blues
601,Purples
788,Violets
9921,Purples
464,Purples
5011,Purples
5563,Khakis
6039,Reds
1717,Pinks
3451,Khakis
6609,Whites
5132,Greens
9114,Greens
5541,Browns
688,Reds
559,Khakis
4619,Khakis
8521,Reds
1039,Purples
1773,Pinks
868,Yellows
6668,Yellows
4621,Khakis
1754,Purples
5758,Khakis
7515,Violets
1968,Purples
4248,Browns
1650,Khakis
663,Purples
3767,Purples
2282,Yellows
9533,Reds
7000,Browns
9505,Violets
4025,Pinks
9511,Khakis
1048,Turquoises
7842,Pinks
4537,Khakis
4134,Khakis
9190,Khakis
7249,Violets
3630,Purples
1272,Whites
8715,Purples
8538,Violets
9293,Purples
3427,Khakis
3436,Violets
818,Browns
2317,Whites
374,Khakis
6410,Blues
1517,Greys
9880,Khakis
5027,Pinks
5391,Purples
6319,Purples
4366,Oranges
8355,Yellows
6966,Greys
8227,Purples
9714,Turquoises
9986,Greens
2859,Purples
4611,Browns
1832,Khakis
7159,Violets
2084,Khakis
373,Oranges
6113,Purples
3133,Pinks
7704,Blues
4636,Greens
5767,Purples
5277,Khakis
2788,Whites
2992,Greens
6287,Greys
3782,Purples
5128,Greys
7609,Turquoises
5169,Browns
452,Reds
3736,Browns
3720,Khakis
5918,Whites
5696,Blues
1572,Khakis
8503,Khakis
3727,Purples
5400,Turquoises
9359,Browns
1293,Purples
5174,Khakis
1582,Khakis
8161,Khakis
5631,Khakis
6574,Purples
6444,Reds
7334,Yellows
6338,Reds
8065,Reds
8593,Reds
5600,Purples
5252,Purples
8370,Khakis
9598,Pinks
4812,Pinks
1623,Purples
6744,Turquoises
7229,Khakis
1407,Reds
149,Oranges
2718,Turquoises
807,Khakis
4005,Reds
7599,Yellows
5083,Greens
792,Khakis
8616,Khakis
8729,Browns
1465,Purples
6857,Reds
6379,Browns
3049,Khakis
5152,Oranges
9548,Greens
8681,Purples
5026,Oranges
6364,Browns
3403,Whites
5754,Whites
8019,Turquoises
3877,Reds
6176,Pinks
6663,Khakis
9957,Khakis
8740,Purples
1401,Turquoises
4318,Greens
3226,Pinks
6728,Purples
8769,Oranges
9592,Yellows
1945,Whites
5407,Purples
1612,Browns
4779,Reds
8031,Greens
1148,Khakis
3528,Purples
1505,Violets
2763,Turquoises
9992,Greens
4533,Purples
1964,Purples
967,Purples
9326,Whites
9119,Purples
622,Purples
5296,Reds
1896,Purples
2345,Turquoises
4373,Purples
1583,Greens
9732,Pinks
3466,Greens
2122,Reds
8628,Whites
8232,Pinks
7138,Khakis
945,Purples
3579,Khakis
5381,Whites
7835,Violets
1927,Khakis
383,Purples
9893,Oranges
6992,Khakis
5907,Turquoises
3971,Pinks
1695,Browns
3587,Khakis
3818,Khakis
2135,Pinks
4792,Purples
1524,Turquoises
8440,Violets
9125,Blues
7725,Browns
3338,Khakis
8564,Oranges
2704,Khakis
8725,Blues
1325,Blues
6790,Khakis
6792,Khakis
4272,Blues
401,Khakis
3824,Browns
5574,Blues
2820,Reds
4838,Reds
7043,Browns
8159,Khakis
3512,Greys
1107,Yellows
7211,Khakis
8652,Oranges
985,Purples
182,Oranges
8554,Purples
8401,Greens
1434,Khakis
5956,Purples
6495,Khakis
184,Purples
3934,Purples
6331,Khakis
3318,Browns
7898,Greys
1553,Khakis
8925,Turquoises
2460,Khakis
4555,Khakis
9810,Purples
9149,Browns
9684,Greys
9771,Whites
3852,Violets
4722,Khakis
2172,Browns
6703,Khakis
5638,Turquoises
5144,Browns
8526,Purples
871,Oranges
1383,Oranges
9708,Purples
1775,Khakis
431,Browns
3158,Khakis
5833,Purples
1610,Whites
9902,Whites
6546,Khakis
9264,Whites
78,Browns
3849,Purples
1661,Purples
5429,Whites
9417,Yellows
8456,Turquoises
227,Browns
5272,Blues
2925,Greys
5448,Whites
5675,Greys
2003,Khakis
1601,Oranges
1731,Browns
5894,Browns
3290,Khakis
8816,Greens
3070,Browns
2357,Browns
9754,Reds
1444,Yellows
6116,Purples
8114,Whites
8604,Purples
4113,Purples
1008,Whites
7763,Whites
6361,Oranges
3816,Blues
7465,Greys
8851,Blues
5594,Purples
9731,Blues
5195,Whites
3863,Purples
448,Browns
2868,Greys
7666,Purples
1047,Greys
7766,Purples
8235,Oranges
7579,Yellows
3649,Khakis
4831,Greens
3584,Reds
63,Greys
3059,Khakis
4642,Purples
8817,Reds
8970,Pinks
5454,Turquoises
8462,Oranges
1406,Oranges
7010,Greys
5578,Purples
5066,Browns
9113,Yellows
7082,Turquoises
3547,Browns
6677,Turquoises
7617,Oranges
5260,Yellows
354,Purples
8404,Reds
3392,Purples
7366,Khakis
6211,Greens
4557,Purples
8228,Purples
8515,Purples
2974,Yellows
4918,Khakis
7677,Blues
3500,Purples
9744,Khakis
1992,Purples
5430,Khakis
4662,Khakis
1903,Khakis
6328,Khakis
6318,Purples
5618,Khakis
8623,Khakis
5131,Browns
9483,Violets
1144,Whites
9037,Purples
6348,Purples
3210,Yellows
4811,Yellows
2102,Greens
2057,Turquoises
7300,Khakis
9990,Whites
7882,Purples
9739,Khakis
2257,Greens
6334,Reds
8982,Khakis
3541,Blues
8612,Whites
545,Greys
2537,Oranges
1190,Reds
9832,Purples
7363,Reds
8033,Purples
358,Yellows
5533,Browns
6893,Pinks
8704,Khakis
3236,Blues
8045,Khakis
8597,Khakis
7115,Khakis
3105,Greens
8577,Khakis
7003,Purples
2437,Purples
6467,Khakis
8020,Khakis
6204,Khakis
1614,Browns
4547,Purples
4195,Purples
223,Greys
6640,Browns
9608,Yellows
7204,Khakis
5702,Whites
4437,Khakis
411,Oranges
2063,Purples
8118,Khakis
9532,Purples
7654,Browns
7265,Purples
9496,Purples
6595,Turquoises
2780,Reds
5820,Greens
6912,Khakis
1344,Purples
4991,Oranges
9727,Whites
7106,Khakis
1496,Pinks
2468,Khakis
4725,Yellows
3285,Khakis
113,Pinks
1925,Khakis
6775,Khakis
512,Whites
5495,Blues
8647,Whites
6137,Pinks
4997,Greens
3748,Pinks
832,Khakis
4588,Khakis
5839,Greys
24,Khakis
8843,Purples
6569,Pinks
4909,Purples
817,Violets
1799,Purples
857,Khakis
4790,Purples
5118,Reds
2188,Greys
5204,Blues
9197,Turquoises
1719,Purples
4071,Browns
112,Blues
6982,Browns
288,Browns
4760,Khakis
6180,Turquoises
240,Pinks
8356,Turquoises
5363,Greens
4728,Khakis
1847,Khakis
5418,Purples
3109,Blues
1343,Khakis
8891,Khakis
266,Greens
9299,Browns
8144,Oranges
8951,Pinks
707,Khakis
1058,Purples
3307,Khakis
9487,Turquoises
5738,Oranges
8666,Khakis
7510,Khakis
1871,Reds
6077,Browns
1779,Greens
1739,Whites
9909,Blues
6207,Khakis
1143,Khakis
6676,Purples
2538,Purples
6733,Khakis
1491,Khakis
668,Purples
7507,Purples
5544,Whites
7128,Oranges
7716,Purples
2987,Oranges
1902,Purples
8066,Reds
6181,Greens
6875,Browns
1697,Purples
7033,Purples
2361,Violets
8446,Browns
2645,Khakis
1075,Purples
6245,Reds
1561,Whites
9473,Blues
141,Reds
2311,Violets
3751,Browns
2906,Browns
5650,Turquoises
4122,Turquoises
8140,Khakis
8408,Purples
7926,Oranges
1469,Khakis
1527,Blues
4572,Khakis
480,Pinks
3570,Khakis
1258,Khakis
8874,Browns
3319,Yellows
2061,Turquoises
2452,Khakis
195,Violets
4020,Khakis
1224,Yellows
3967,Khakis
586,Violets
9625,Violets
7269,Whites
3400,Khakis
2956,Browns
4947,Purples
9898,Purples
9095,Khakis
8457,Khakis
2862,Blues
5593,Khakis
3468,Reds
1093,Whites
7281,Purples
8196,Purples
6743,Khakis
4411,Oranges
4023,Yellows
2556,Oranges
4798,Purples
4304,Whites
7484,Blues
7987,Blues
2299,Pinks
4618,Purples
2169,Khakis
3053,Purples
9003,Blues
3939,Yellows
9888,Khakis
9261,Whites
5588,Khakis
5402,Greens
5733,Violets
301,Purples
4888,Khakis
192,Purples
8366,Whites
3355,Blues
2121,Purples
4992,Purples
2391,Turquoises
1242,Khakis
6196,Khakis
3331,Oranges
3862,Purples
9766,Purples
758,Browns
835,Khakis
7646,Blues
9471,Purples
4971,Turquoises
5414,Purples
2461,Pinks
4806,Purples
5012,Whites
5795,Reds
2842,Reds
1197,Turquoises
5412,Greens
5032,Blues
7482,Greens
2743,Whites
1337,Pinks
6428,Purples
6221,Yellows
3154,Yellows
1855,Reds
5836,Khakis
7322,Browns
8092,Blues
5499,Khakis
8634,Browns
7476,Turquoises
9384,Purples
9600,Greens
2494,Purples
6757,Browns
5648,Khakis
7310,Pinks
1023,Reds
2989,Turquoises
9756,Yellows
8155,Purples
2742,Khakis
8138,Purples
5207,Purples
6499,Khakis
1772,Khakis
1269,Whites
5047,Purples
2295,Violets
6297,Khakis
9287,Purples
4703,Turquoises
623,Violets
5307,Purples
57,Turquoises
9192,Greys
9159,Greys
2052,Khakis
5914,Yellows
7545,Khakis
4053,Blues
9057,Browns
7365,Violets
9296,Khakis
926,Reds
677,Greens
570,Turquoises
2851,Pinks
1435,Purples
4925,Purples
2547,Oranges
4058,Purples
4044,Oranges
672,Khakis
43,Purples
4802,Purples
305,Purples
3282,Greys
5008,Yellows
6119,Reds
9206,Purples
1709,Khakis
2973,Whites
5390,Oranges
8085,Browns
3501,Violets
1424,Purples
1174,Pinks
7653,Khakis
1734,Turquoises
4650,Khakis
2485,Violets
2536,Purples
6034,Khakis
6393,Whites
7335,Purples
862,Khakis
9484,Khakis
4786,Khakis
3866,Whites
9940,Whites
4187,Whites
8651,Greys
6693,Purples
2855,Khakis
5250,Reds
6016,Khakis
4946,Turquoises
5703,Greens
4845,Greens
8569,Purples
2993,Khakis
5755,Blues
1998,Greens
4052,Khakis
6723,Violets
6650,Purples
2127,Khakis
3549,Purples
1778,Turquoises
856,Greens
2185,Purples
5683,Turquoises
8245,Violets
8298,Pinks
5869,Purples
3428,Khakis
4879,Pinks
4419,Violets
6841,Purples
9571,Purples
1214,Purples
605,Khakis
1324,Reds
6763,Turquoises
9005,Khakis
5005,Browns
6074,Khakis
1679,Pinks
1033,Yellows
736,Purples
5651,Turquoises
8502,Browns
5469,Khakis
4268,Khakis
3095,Khakis
2968,Turquoises
6040,Greens
1409,Khakis
9235,Turquoises
7028,Purples
616,Reds
6769,Purples
1169,Khakis
4092,Khakis
3562,Browns
7213,Khakis
3890,Oranges
9017,Turquoises
3595,Khakis
106,Browns
2907,Oranges
4289,Khakis
5803,Purples
5645,Greens
8468,Purples
5723,Purples
3897,Greys
9923,Khakis
9269,Purples
93,Khakis
9404,Khakis
3798,Turquoises
5694,Yellows
8192,Purples
4829,Khakis
4856,Purples
7129,Khakis
6636,Greys
2991,Purples
3423,Khakis
6578,Purples
335,Purples
7088,Khakis
8378,Browns
6192,Blues
9303,Blues
5796,Blues
7017,Greys
7490,Greens
9819,Purples
4161,Blues
3582,Browns
4210,Turquoises
1473,Khakis
3303,Khakis
5309,Khakis
9194,Purples
8541,Khakis
4767,Purples
3961,Purples
6484,Turquoises
8047,Violets
7765,Greys
5030,Greens
4531,Oranges
1000,Purples
474,Khakis
2251,Whites
3596,Purples
2480,Purples
4031,Violets
9837,Khakis
5020,Khakis
5642,Khakis
3279,Browns
2970,Violets
8631,Greens
2300,Turquoises
2331,Reds
3718,Purples
5190,Pinks
329,Khakis
6505,Pinks
6213,Whites
5943,Blues
4150,Purples
2835,Blues
7868,Purples
4714,Purples
6335,Khakis
6543,Khakis
1338,Khakis
7650,Reds
6944,Khakis
4336,Khakis
9686,Purples
2367,Khakis
5098,Khakis
6169,Blues
8883,Oranges
6707,Greys
826,Khakis
8384,Purples
4651,Khakis
1801,Purples
2019,Greys
5209,Khakis
2985,Purples
2825,Browns
4246,Yellows
3094,Blues
9129,Pinks
5050,Pinks
4553,Purples
6942,Khakis
9975,Pinks
8586,Khakis
3351,Purples
4293,Browns
3216,Greys
4292,Blues
3574,Blues
854,Khakis
4726,Khakis
7619,Oranges
4768,Khakis
2719,Khakis
7273,Reds
2456,Purples
6962,Whites
5604,Browns
8730,Khakis
6139,Oranges
3102,Khakis
9499,Violets
6465,Whites
5465,Turquoises
4220,Khakis
6397,Browns
4358,Purples
9637,Khakis
5016,Whites
3425,Browns
251,Purples
3693,Purples
5230,Greens
3337,Oranges
6808,Yellows
7462,Khakis
7759,Purples
1828,Turquoises
6218,Purples
3713,Purples
9040,Purples
7239,Greens
4699,Khakis
4190,Purples
6209,Pinks
1266,Reds
759,Blues
6317,Pinks
6922,Khakis
6079,Blues
9451,Khakis
8841,Browns
4014,Reds
6164,Purples
4414,Khakis
3994,Purples
1922,Violets
6581,Blues
2778,Khakis
8223,Purples
4459,Purples
5471,Browns
433,Purples
9085,Reds
7063,Purples
5225,Blues
9854,Browns
2240,Purples
8058,Greens
952,Greens
6906,Purples
2058,Blues
6413,Browns
8424,Purples
4408,Reds
9111,Purples
5790,Purples
715,Oranges
9220,Pinks
4685,Browns
6320,Khakis
7349,Whites
4256,Blues
7774,Purples
9815,Reds
1782,Purples
8125,Purples
2459,Khakis
7013,Turquoises
4990,Reds
8657,Khakis
7094,Browns
6174,Purples
1274,Yellows
753,Turquoises
7691,Khakis
5829,Whites
1356,Purples
2190,Pinks
7799,Purples
2541,Turquoises
5778,Khakis
2654,Greys
8325,Browns
5609,Greys
7687,Greens
349,Greys
5775,Blues
3963,Reds
3357,Reds
1276,Reds
1232,Khakis
2079,Reds
8926,Whites
5954,Blues
8105,Purples
7985,Blues
6682,Purples
3885,Purples
5064,Violets
6953,Pinks
6118,Khakis
7506,Whites
2795,Blues
1239,Khakis
142,Purples
8129,Purples
698,Greens
7970,Purples
7387,Blues
3795,Khakis
2444,Browns
2147,Khakis
9649,Whites
1485,Khakis
488,Turquoises
5661,Pinks
4666,Whites
3416,Purples
205,Purples
8349,Whites
5336,Purples
9286,Khakis
6704,Turquoises
6623,Purples
5059,Blues
686,Whites
8182,Purples
8622,Khakis
5182,Turquoises
1687,Whites
104,Purples
8427,Turquoises
8342,Blues
4929,Khakis
4169,Purples
9350,Purples
8582,Khakis
4199,Whites
5689,Reds
2039,Khakis
4424,Violets
7189,Purples
6555,Whites
4692,Khakis
7959,Purples
6634,Purples
886,Whites
3267,Turquoises
6994,Khakis
6154,Purples
2210,Greys
6529,Purples
2429,Purples
7585,Purples
5630,Purples
1119,Khakis
5555,Oranges
9740,Purples
795,Reds
8109,Khakis
9227,Reds
7386,Greens
5269,Turquoises
7747,Khakis
5621,Blues
6564,Greys
2228,Violets
3074,Browns
5707,Browns
7566,Browns
8755,Yellows
534,Yellows
2410,Reds
2832,Purples
2864,Purples
4824,Khakis
2751,Reds
1488,Reds
2997,Purples
6457,Greens
2348,Khakis
3265,Khakis
6605,Khakis
6669,Purples
3231,Blues
4951,Reds
4720,Purples
9251,Turquoises
2129,Whites
1384,Yellows
3874,Turquoises
8491,Khakis
3772,Violets
4309,Purples
210,Khakis
595,Purples
9899,Violets
4509,Whites
3904,Turquoises
316,Khakis
7474,Browns
7319,Browns
9044,Browns
507,Whites
9780,Turquoises
7340,Greys
7173,Purples
1802,Khakis
9425,Reds
2440,Purples
7549,Purples
1219,Purples
6466,Purples
3561,Blues
8200,Reds
2408,Turquoises
1818,Purples
1581,Reds
3763,Violets
8202,Violets
3659,Greens
3494,Khakis
243,Purples
7818,Khakis
5785,Purples
2372,Purples
2365,Browns
2677,Purples
2174,Whites
89,Browns
720,Yellows
7426,Yellows
353,Khakis
9339,Khakis
9808,Turquoises
9609,Violets
2085,Blues
1535,Khakis
2523,Khakis
6915,Blues
4211,Browns
3609,Browns
5584,Purples
4551,Whites
6307,Pinks
5719,Browns
5154,Khakis
5937,Khakis
1188,Purples
3974,Blues
2870,Yellows
6809,Khakis
8699,Purples
3258,Purples
9407,Khakis
7845,Greens
1937,Blues
8927,Greens
2814,Browns
5164,Purples
5766,Purples
4781,Khakis
7020,Purples
9828,Purples
5876,Browns
3171,Browns
681,Greens
5810,Purples
1207,Greens
1457,Khakis
4000,Yellows
1436,Purples
1411,Blues
5728,Khakis
8985,Khakis
5476,Oranges
5427,Khakis
7060,Reds
3399,Turquoises
2951,Greys
5262,Khakis
9090,Purples
568,Violets
4515,Purples
2298,Turquoises
7618,Blues
7369,Yellows
9256,Khakis
6720,Greens
2753,Greens
6926,Reds
4396,Reds
3112,Whites
4731,Violets
9928,Reds
2304,Greens
8615,Purples
8224,Greys
2716,Purples
1793,Purples
3093,Greys
6342,Purples
4370,Whites
9413,Khakis
3563,Pinks
3352,Reds
3330,Pinks
9181,Khakis
765,Whites
4263,Khakis
5361,Pinks
1068,Purples
3643,Purples
4158,Khakis
3324,Blues
9360,Turquoises
3091,Purples
7114,Purples
9476,Khakis
6190,Purples
6582,Browns
3604,Khakis
9217,Blues
3455,Purples
7103,Purples
8902,Khakis
9635,Khakis
2027,Purples
423,Yellows
4342,Browns
5063,Khakis
8419,Greens
6242,Blues
5273,Reds
9050,Purples
830,Browns
3983,Blues
9955,Khakis
6090,Purples
2944,Blues
3739,Khakis
7513,Oranges
2264,Greens
691,Khakis
9555,Purples
2026,Khakis
9908,Purples
8989,Khakis
6890,Purples
4970,Yellows
6498,Oranges
1007,Blues
9814,Purples
909,Purples
1380,Purples
9086,Browns
571,Blues
7581,Purples
1410,Khakis
1955,Greys
7903,Khakis
9356,Violets
5769,Blues
8921,Khakis
816,Pinks
5392,Purples
1882,Greys
8795,Greys
7292,Whites
7120,Purples
5440,Blues
9593,Greens
2833,Khakis
1613,Whites
7853,Browns
3662,Khakis
4816,Blues
2309,Purples
1642,Purples
9623,Browns
2514,Browns
1130,Oranges
5408,Purples
8696,Browns
8048,Greens
2455,Greys
9328,Browns
6955,Purples
5652,Blues
5480,Purples
157,Khakis
8571,Purples
8844,Turquoises
4222,Purples
4452,Khakis
9164,Browns
3080,Greens
746,Purples
264,Purples
1296,Yellows
3361,Turquoises
5401,Violets
8701,Yellows
3470,Purples
516,Purples
8857,Khakis
7413,Turquoises
8287,Pinks
649,Turquoises
1543,Turquoises
1901,Khakis
8158,Purples
4245,Purples
5199,Turquoises
7288,Reds
7620,Purples
2575,Greens
5183,Turquoises
5986,Blues
5338,Whites
5088,Turquoises
6288,Purples
8466,Whites
2115,Greens
9224,Purples
4966,Purples
2884,Whites
427,Browns
925,Turquoises
6185,Whites
4670,Khakis
9447,Browns
3103,Yellows
3268,Violets
8804,Purples
1876,Whites
9793,Purples
5774,Whites
2882,Khakis
8878,Yellows
252,Khakis
7139,Violets
9008,Purples
9864,Purples
8288,Purples
292,Browns
6930,Khakis
5036,Blues
2156,Purples
8757,Violets
4062,Violets
4261,Purples
2496,Greens
7222,Yellows
1089,Greens
4541,Browns
9100,Violets
8458,Khakis
5573,Turquoises
1587,Violets
1350,Greys
2963,Yellows
4218,Reds
1157,Violets
7354,Purples
8555,Greys
2770,Oranges
3478,Browns
7126,Khakis
1503,Khakis
5202,Purples
2073,Khakis
5444,Greens
7341,Reds
1393,Browns
7278,Purples
709,Khakis
2321,Browns
4904,Browns
8067,Purples
3383,Khakis
7336,Reds
5025,Khakis
9646,Greys
6772,Purples
3694,Khakis
2435,Reds
4334,Khakis
880,Turquoises
3087,Blues
6279,Purples
1721,Pinks
4352,Reds
9034,Browns
2519,Turquoises
3130,Turquoises
7022,Greys
3738,Whites
8771,Purples
386,Violets
8413,Oranges
2557,Purples
4922,Khakis
3199,Khakis
2627,Purples
6028,Greys
8868,Whites
6647,Purples
8676,Khakis
3401,Purples
6208,Purples
4962,Turquoises
5340,Purples
6448,Browns
9877,Purples
3903,Purples
7992,Purples
4465,Blues
4625,Browns
7638,Browns
5699,Purples
9650,Turquoises
564,Browns
5890,Browns
9393,Purples
6098,Khakis
4810,Purples
6102,Purples
6778,Greys
1531,Khakis
7109,Purples
8977,Khakis
8429,Greens
5535,Turquoises
4514,Browns
1262,Turquoises
6954,Browns
9260,Greens
6522,Khakis
4285,Turquoises
1400,Purples
9699,Greys
7912,Turquoises
3472,Whites
2218,Khakis
9657,Browns
6409,Khakis
7777,Khakis
2068,Purples
3097,Khakis
7834,Khakis
8743,Purples
7758,Purples
6021,Oranges
7220,Khakis
3238,Purples
6716,Purples
5107,Browns
7247,Purples
4438,Greens
6598,Khakis
9216,Purples
6240,Purples
5135,Purples
1001,Greens
9012,Khakis
8689,Purples
1915,Pinks
1385,Khakis
2255,Greys
2710,Khakis
2885,Khakis
3347,Browns
8589,Khakis
6372,Purples
2046,Yellows
8303,Khakis
3124,Khakis
5347,Purples
6643,Blues
9409,Greys
7723,Purples
5549,Khakis
5726,Khakis
8650,Purples
8785,Purples
9712,Greys
7414,Greens
8931,Browns
8853,Violets
7495,Pinks
8476,Turquoises
9706,Yellows
4505,Khakis
5014,Turquoises
9475,Pinks
3155,Pinks
2783,Greys
8267,Purples
5802,Reds
2593,Oranges
2901,Whites
9559,Khakis
9148,Greens
2824,Reds
7298,Turquoises
4082,Greens
4051,Greys
4350,Oranges
7555,Browns
2903,Greys
9743,Yellows
8073,Turquoises
2807,Khakis
7624,Khakis
4594,Greens
1682,Oranges
1600,Purples
7378,Blues
5974,Yellows
7342,Khakis
1173,Violets
6112,Purples
5434,Purples
8954,Whites
850,Yellows
8428,Whites
873,Browns
7544,Greens
1552,Khakis
7641,Purples
2303,Khakis
1548,Browns
2447,Turquoises
9905,Purples
9785,Khakis
7072,Blues
5343,Purples
4278,Khakis
4868,Reds
2163,Whites
421,Greens
1489,Browns
9709,Blues
9537,Blues
2203,Purples
576,Purples
6045,Purples
9077,Khakis
9935,Greens
5415,Greys
2442,Purples
3251,Khakis
9344,Browns
2659,Oranges
2764,Khakis
5451,Oranges
5413,Purples
9135,Turquoises
75,Yellows
3444,Violets
3298,Khakis
5435,Greens
4741,Greens
3294,Reds
6126,Reds
2197,Khakis
9346,Purples
4989,Pinks
8032,Greens
7329,Oranges
7708,Oranges
5264,Khakis
3250,Khakis
4287,Purples
7954,Khakis
1794,Khakis
8766,Greys
6899,Browns
6248,Pinks
4552,Khakis
2854,Khakis
5442,Purples
9004,Yellows
4444,Oranges
6673,Khakis
8004,Blues
4496,Oranges
8009,Khakis
828,Pinks
9645,Browns
9099,Purples
7246,Turquoises
2953,Purples
7452,Greens
6291,Violets
7263,Whites
1753,Yellows
3661,Khakis
1204,Purples
3578,Greens
1647,Purples
5899,Yellows
2665,Blues
2067,Purples
7963,Browns
3821,Oranges
1184,Purples
7935,Blues
1432,Purples
9998,Khakis
9210,Reds
9681,Violets
9082,Purples
4202,Khakis
7793,Turquoises
1830,Turquoises
8396,Purples
669,Violets
5268,Violets
3906,Reds
7671,Greens
2426,Greens
7238,Purples
2258,Greens
2794,Yellows
5589,Purples
784,Khakis
7184,Purples
4759,Turquoises
1154,Khakis
9581,Purples
8167,Purples
8383,Browns
3543,Turquoises
239,Purples
9561,Oranges
9309,Reds
3272,Oranges
8011,Pinks
8957,Turquoises
5256,Blues
9456,Greys
7998,Whites
7776,Khakis
7087,Purples
6771,Whites
1155,Violets
6593,Oranges
6645,Turquoises
7580,Khakis
7331,Blues
632,Greys
8351,Turquoises
2674,Reds
5360,Greens
5463,Khakis
7972,Oranges
3744,Purples
8967,Purples
3474,Greens
8120,Purples
9749,Yellows
7262,Greys
6991,Purples
2771,Greens
9838,Yellows
4416,Whites
2432,Greens
7029,Reds
6761,Blues
1133,Browns
7503,Purples
5409,Greys
9080,Violets
3867,Purples
4715,Greys
1971,Khakis
9072,Whites
2392,Khakis
6845,Khakis
8782,Oranges
7161,Violets
6269,Browns
596,Purples
3958,Turquoises
5298,Greys
6633,Purples
7738,Khakis
3145,Whites
7308,Turquoises
4011,Yellows
4243,Whites
3786,Blues
2507,Khakis
1291,Khakis
9717,Oranges
6758,Khakis
180,Khakis
3741,Purples
6025,Browns
7421,Browns
8254,Khakis
3717,Whites
711,Violets
6407,Browns
2624,Turquoises
7469,Khakis
2302,Khakis
1230,Purples
2213,Khakis
9991,Yellows
6299,Purples
9501,Browns
1720,Greens
3521,Yellows
9568,Browns
7628,Reds
2022,Reds
791,Blues
7440,Greens
1951,Purples
8765,Yellows
8485,Oranges
4128,Khakis
540,Greens
7337,Purples
84,Khakis
3390,Whites
58,Purples
2385,Purples
1390,Purples
4167,Violets
298,Browns
1655,Oranges
8581,Khakis
5819,Purples
9030,Khakis
9599,Turquoises
92,Purples
8211,Pinks
3622,Greens
2714,Khakis
6135,Turquoises
6517,Greys
7040,Browns
4765,Khakis
7012,Whites
6130,Browns
7296,Purples
7788,Turquoises
7632,Purples
5538,Whites
6239,Whites
6037,Purples
8075,Oranges
6259,Yellows
819,Reds
7150,Khakis
4244,Khakis
5312,Yellows
7769,Greys
9225,Purples
7967,Violets
1073,Purples
4667,Browns
9361,Violets
6177,Reds
5472,Khakis
6570,Purples
446,Purples
6981,Greys
8962,Purples
6265,Browns
7018,Yellows
9636,Purples
4887,Purples
285,Blues
3287,Purples
8707,Khakis
998,Purples
228,Khakis
518,Browns
778,Khakis
9570,Purples
7685,Purples
9062,Whites
5610,Whites
6374,Khakis
1667,Purples
2954,Greys
7881,Blues
1202,Oranges
5932,Blues
8618,Greys
5074,Purples
1504,Purples
9776,Browns
6446,Purples
1890,Violets
6874,Khakis
8903,Greens
5958,Purples
211,Khakis
8896,Khakis
3762,Purples
2291,Oranges
6019,Blues
5460,Purples
4769,Khakis
6816,Blues
5531,Purples
7948,Purples
1398,Oranges
7663,Khakis
419,Purples
3631,Khakis
5804,Reds
9233,Blues
4469,Turquoises
7561,Khakis
5308,Browns
7255,Blues
7934,Yellows
9191,Khakis
5441,Yellows
2399,Purples
523,Purples
5175,Browns
5781,Khakis
260,Khakis
8392,Reds
3940,Blues
6805,Browns
8944,Oranges
8164,Greys
5901,Khakis
4383,Yellows
5483,Khakis
8534,Yellows
6528,Yellows
348,Purples
3976,Browns
4609,Browns
9835,Purples
3513,Khakis
953,Purples
5170,Khakis
9689,Purples
8439,Purples
79,Blues
2028,Purples
8495,Oranges
2072,Greens
6683,Khakis
389,Purples
1860,Purples
7833,Purples
5558,Reds
7317,Purples
7537,Greys
1448,Greys
485,Yellows
9166,Greys
1046,Oranges
5077,Greys
438,Khakis
8119,Purples
8239,Purples
6344,Khakis
9931,Khakis
4694,Purples
9351,Browns
8895,Khakis
6,Blues
6186,Khakis
8028,Greys
4294,Turquoises
3305,Greys
599,Khakis
5049,Browns
245,Oranges
7649,Violets
213,Khakis
6431,Purples
8421,Khakis
7355,Blues
8183,Browns
1677,Purples
1329,Violets
5437,Khakis
732,Khakis
3588,Khakis
4330,Browns
5779,Greens
8663,Yellows
5896,Greens
7879,Purples
7809,Purples
1209,Greens
7849,Khakis
7885,Khakis
4956,Whites
60,Greys
5736,Whites
1906,Purples
1056,Greys
8712,Yellows
2341,Khakis
3271,Purples
535,Khakis
6750,Violets
5841,Greens
8810,Khakis
8443,Khakis
9410,Khakis
9847,Violets
1965,Oranges
1877,Browns
2508,Purples
7897,Purples
8021,Oranges
9074,Purples
6124,Purples
2565,Blues
5976,Browns
8091,Purples
3792,Khakis
2155,Greens
2276,Blues
1245,Khakis
3122,Purples
6133,Purples
588,Browns
3779,Yellows
7996,Khakis
3711,Khakis
2469,Purples
3924,Whites
3354,Blues
5438,Violets
7664,Khakis
5146,Oranges
9523,Greens
8086,Browns
7667,Whites
8282,Turquoises
7449,Khakis
7955,Khakis
5393,Reds
8670,Purples
1316,Browns
2274,Greys
7637,Violets
9488,Oranges
498,Purples
6854,Purples
3895,Turquoises
5837,Whites
5114,Purples
2695,Whites
1389,Purples
67,Purples
7228,Khakis
1811,Khakis
8674,Khakis
8248,Khakis
392,Purples
6173,Purples
5314,Browns
3997,Browns
5261,Khakis
6159,Whites
5037,Purples
1162,Blues
3503,Purples
3565,Greys
8389,Browns
1728,Khakis
131,Whites
4357,Greens
5635,Yellows
4987,Turquoises
8818,Pinks
7851,Browns
8115,Greens
7886,Purples
7442,Purples
5534,Whites
179,Reds
4930,Purples
8950,Purples
9948,Reds
3356,Violets
8587,Purples
199,Purples
4321,Greens
222,Greens
6629,Purples
8197,Khakis
7692,Purples
4355,Yellows
3942,Greys
8108,Browns
1004,Whites
4830,Purples
2465,Oranges
932,Yellows
5173,Khakis
6525,Violets
6956,Oranges
4333,Blues
4120,Greys
2918,Whites
3369,Browns
6273,Khakis
2644,Turquoises
116,Turquoises
9142,Khakis
4800,Turquoises
8077,Whites
4118,Turquoises
194,Turquoises
8433,Purples
9464,Browns
5944,Purples
4212,Purples
8906,Turquoises
4421,Greys
5327,Purples
2292,Purples
5933,Whites
1,Oranges
9290,Khakis
3707,Yellows
5168,Purples
7672,Violets
9196,Turquoises
9920,Blues
6586,Khakis
4027,Purples
9721,Yellows
4426,Turquoises
1352,Purples
3175,Purples
2615,Turquoises
7737,Purples
5639,Browns
3599,Khakis
5864,Pinks
66,Purples
7445,Khakis
214,Purples
9944,Whites
9524,Blues
4378,Blues
6782,Reds
5634,Purples
3371,Greens
560,Browns
7907,Khakis
3201,Reds
8937,Violets
6691,Violets
8184,Khakis
3002,Khakis
4841,Blues
6482,Browns
9246,Pinks
5897,Oranges
3945,Purples
3692,Khakis
3110,Blues
3418,Greys
3569,Purples
3935,Whites
8598,Khakis
5701,Yellows
1006,Reds
7871,Purples
5345,Violets
833,Blues
6179,Purples
8156,Blues
7436,Khakis
6891,Turquoises
8299,Khakis
5539,Whites
9613,Purples
5166,Reds
5812,Greens
6476,Purples
6401,Reds
5082,Blues
7198,Greys
2355,Yellows
7962,Blues
4286,Khakis
618,Reds
7822,Khakis
6115,Blues
9317,Greens
8814,Reds
1348,Greens
6895,Khakis
6817,Purples
2878,Purples
3600,Purples
2935,Blues
259,Purples
9219,Greens
101,Purples
1426,Whites
2352,Browns
8882,Greens
9565,Reds
9069,Purples
7260,Greys
8961,Purples
8097,Khakis
2673,Purples
2107,Purples
4593,Khakis
1632,Khakis
355,Blues
8305,Blues
1856,Blues
8861,Khakis
7995,Blues
5124,Purples
7712,Violets
7779,Khakis
3670,Oranges
820,Purples
8353,Violets
1592,Khakis
6618,Greens
1083,Purples
8518,Khakis
5834,Purples
4518,Whites
5072,Browns
8393,Khakis
3701,Browns
1241,Yellows
105,Khakis
7302,Purples
9103,Purples
7502,Violets
2471,Whites
9873,Purples
810,Khakis
8422,Khakis
8793,Browns
607,Purples
2777,Turquoises
9000,Greens
1290,Khakis
1049,Purples
6521,Violets
4610,Purples
8807,Whites
7447,Purples
5108,Purples
647,Reds
6599,Browns
6550,Browns
9612,Browns
2531,Browns
7929,Yellows
1745,Khakis
674,Blues
9481,Purples
3950,Purples
9465,Whites
8253,Purples
763,Browns
3029,Reds
1653,Browns
7927,Khakis
9584,Purples
5139,Oranges
9406,Oranges
8716,Browns
8673,Purples
6888,Greens
3144,Purples
5078,Yellows
8344,Greys
9579,Browns
4832,Khakis
1564,Purples
8693,Violets
3769,Reds
5237,Pinks
6936,Purples
2681,Purples
2696,Browns
6229,Purples
9720,Browns
4815,Browns
6146,Browns
2726,Browns
7282,Khakis
1355,Purples
2386,Pinks
5616,Oranges
1606,Pinks
5019,Oranges
542,Purples
5282,Violets
4907,Purples
5385,Purples
3702,Pinks
183,Yellows
2904,Blues
2752,Browns
556,Purples
1555,Khakis
9039,Purples
5871,Purples
9395,Browns
1199,Purples
1397,Khakis
4602,Violets
9009,Purples
8909,Yellows
6657,Browns
6653,Khakis
3887,Blues
3617,Blues
7989,Blues
4046,Violets
284,Greens
4102,Blues
6246,Khakis
8694,Purples
2511,Reds
9560,Purples
1216,Pinks
2248,Browns
4200,Violets
3134,Violets
4354,Reds
492,Violets
5205,Whites
4895,Turquoises
7147,Purples
6713,Purples
8735,Yellows
1659,Khakis
5294,Violets
3492,Purples
7863,Purples
804,Browns
9932,Khakis
9603,Khakis
7330,Yellows
4600,Pinks
7770,Blues
5158,Browns
959,Oranges
6309,Purples
3245,Khakis
3893,Khakis
8139,Blues
8914,Browns
8656,Blues
1494,Reds
7396,Greys
2775,Blues
6965,Khakis
7919,Browns
5127,Purples
853,Blues
5960,Khakis
4884,Purples
557,Purples
110,Purples
1711,Turquoises
7444,Khakis
1205,Browns
2801,Khakis
2249,Purples
5627,Blues
7707,Khakis
2320,Greens
4573,Purples
3036,Purples
530,Purples
774,Khakis
299,Purples
5953,Khakis
2941,Violets
7657,Purples
6911,Oranges
4984,Whites
3244,Purples
4763,Violets
6615,Khakis
2781,Greys
236,Yellows
1867,Purples
35,Purples
3560,Khakis
5832,Purples
8275,Khakis
6886,Khakis
198,Khakis
3527,Greys
1036,Pinks
8358,Browns
7768,Reds
8535,Purples
2679,Browns
6905,Greens
7824,Purples
3941,Khakis
9629,Greens
3462,Khakis
8859,Turquoises
4571,Khakis
2886,Whites
6432,Purples
4174,Turquoises
5862,Purples
3937,Purples
3825,Purples
7401,Purples
8912,Khakis
8969,Khakis
6206,Turquoises
9611,Purples
322,Khakis
3882,Reds
3615,Blues
4860,Purples
4229,Purples
4460,Purples
901,Browns
4607,Purples
13,Khakis
1458,Khakis
4317,Khakis
9687,Reds
9337,Reds
4854,Khakis
2099,Blues
340,Reds
9104,Khakis
6066,Greens
695,Whites
5497,Browns
455,Purples
3011,Yellows
4944,Khakis
9968,Purples
3490,Purples
569,Browns
1605,Greens
3157,Khakis
8029,Purples
8274,Yellows
6244,Reds
4467,Browns
2487,Browns
160,Purples
8637,Purples
5827,Blues
3760,Purples
4562,Khakis
8255,Greys
2199,Purples
3573,Yellows
2388,Browns
6835,Turquoises
1079,Greens
1387,Purples
5582,Khakis
5965,Khakis
7584,Turquoises
1470,Browns
4657,Turquoises
1598,Khakis
6995,Turquoises
4875,Khakis
2534,Khakis
9607,Whites
404,Purples
3255,Browns
8469,Purples
689,Pinks
1430,Khakis
5376,Greys
4162,Greys
9426,Blues
8444,Greys
9467,Greens
3550,Purples
1441,Purples
2316,Purples
9826,Purples
9254,Turquoises
6961,Reds
9890,Whites
3406,Purples
8347,Violets
3871,Whites
3486,Purples
5646,Khakis
6806,Khakis
8315,Browns
9915,Purples
279,Blues
218,Blues
1962,Browns
8636,Violets
584,Browns
425,Purples
5560,Greys
1762,Violets
3366,Browns
2934,Khakis
8146,Browns
9134,Purples
3840,Violets
1374,Khakis
9930,Purples
6530,Browns
4121,Greys
7212,Purples
2766,Purples
2900,Khakis
2171,Purples
8826,Greys
9993,Purples
6472,Khakis
2238,Browns
3905,Khakis
942,Browns
5716,Khakis
8862,Khakis
9341,Yellows
8190,Yellows
7287,Purples
5458,Khakis
2339,Greens
4661,Browns
8871,Khakis
6017,Purples
3684,Purples
6363,Turquoises
8036,Greens
3008,Oranges
9238,Purples
3533,Violets
4677,Pinks
4225,Reds
7390,Yellows
3372,Khakis
5060,Khakis
6369,Yellows
5297,Blues
9587,Khakis
7679,Browns
5015,Violets
3280,Khakis
1619,Purples
5590,Purples
5208,Blues
4751,Purples
4241,Purples
6900,Khakis
3164,Purples
589,Violets
2338,Khakis
8863,Purples
8017,Purples
465,Blues
7750,Khakis
9277,Greens
9865,Purples
81,Whites
1568,Yellows
9245,Whites
1310,Purples
1784,Oranges
3393,Khakis
9188,Purples
717,Pinks
7837,Yellows
4232,Whites
3422,Browns
5177,Khakis
3892,Greens
4819,Purples
2491,Whites
6508,Reds
734,Purples
5382,Purples
6168,Khakis
731,Oranges
2902,Whites
2420,Whites
4743,Purples
1959,Yellows
1354,Khakis
332,Purples
7069,Whites
3430,Purples
4171,Whites
5603,Purples
7314,Purples
768,Pinks
7125,Oranges
7940,Purples
3511,Violets
4125,Purples
6896,Whites
2441,Khakis
9900,Whites
5453,Purples
450,Whites
8368,Blues
1641,Oranges
3548,Purples
8364,Pinks
8501,Violets
2684,Blues
789,Browns
115,Greens
7485,Khakis
1821,Browns
1158,Khakis
4130,Khakis
7245,Browns
2234,Khakis
2785,Oranges
2845,Purples
8153,Violets
8334,Greys
3395,Whites
7525,Greys
6117,Khakis
3496,Yellows
6872,Khakis
7739,Browns
9486,Khakis
5854,Blues
5172,Greens
5159,Reds
2787,Purples
3346,Greys
6566,Purples
7492,Blues
6247,Khakis
7085,Purples
8835,Reds
5332,Khakis
4356,Greens
372,Purples
6976,Greys
468,Browns
5537,Browns
1076,Browns
4545,Khakis
5727,Reds
2242,Whites
3257,Purples
1090,Browns
8856,Khakis
1881,Greys
9669,Browns
890,Greys
7193,Pinks
9885,Khakis
7303,Purples
7361,Purples
8025,Violets
993,Browns
6556,Purples
3529,Khakis
3746,Blues
9809,Whites
2623,Khakis
969,Pinks
8199,Khakis
1759,Purples
9823,Khakis
5776,Turquoises
1053,Purples
2986,Whites
4223,Violets
9389,Blues
8736,Yellows
7275,Khakis
202,Purples
4836,Blues
3804,Browns
2086,Yellows
5782,Browns
5240,Browns
941,Greys
7669,Whites
2463,Khakis
5999,Pinks
5994,Browns
8308,Turquoises
3328,Pinks
9199,Browns
7814,Purples
2484,Blues
9400,Khakis
4939,Blues
432,Turquoises
1843,Khakis
2439,Purples
4108,Browns
5857,Purples
8945,Oranges
3150,Purples
5478,Purples
583,Purples
5852,Khakis
7086,Whites
8150,Purples
4204,Reds
1979,Purples
5044,Violets
1729,Purples
9497,Greys
2672,Whites
1795,Khakis
8322,Purples
1841,Browns
9745,Browns
3237,Browns
7146,Purples
9558,Pinks
9288,Violets
6182,Blues
5659,Purples
9515,Purples
219,Khakis
4814,Violets
9564,Blues
7846,Yellows
9035,Browns
9643,Greens
7543,Pinks
4056,Khakis
5959,Khakis
5998,Browns
9396,Whites
8928,Purples
5911,Oranges
3458,Purples
1117,Pinks
9363,Khakis
3407,Purples
1481,Whites
129,Purples
269,Yellows
1415,Blues
2548,Whites
4686,Blues
7534,Purples
6141,Greys
1300,Purples
9212,Khakis
3056,Oranges
2564,Reds
3808,Reds
3880,Oranges
2914,Browns
9848,Purples
1722,Greens
9243,Yellows
3576,Browns
3640,Yellows
7678,Turquoises
1088,Purples
6075,Greens
4669,Purples
2445,Purples
8760,Purples
3695,Greens
721,Blues
5993,Purples
3780,Browns
6262,Purples
5084,Purples
1542,Browns
4934,Khakis
7958,Greys
1539,Reds
1052,Reds
2955,Khakis
1787,Purples
6597,Blues
3509,Browns
5791,Browns
3703,Purples
814,Violets
4473,Oranges
123,Purples
5290,Purples
9985,Browns
1055,Khakis
5210,Pinks
1996,Reds
9775,Yellows
9781,Purples
4603,Purples
9857,Purples
5565,Reds
2586,Turquoises
3075,Khakis
1378,Reds
5626,Browns
3096,Yellows
9156,Greens
9327,Khakis
7111,Pinks
4938,Khakis
8700,Yellows
5598,Greens
3687,Purples
2694,Oranges
9405,Greens
7939,Pinks
5214,Khakis
3061,Greys
7367,Purples
4107,Reds
3921,Khakis
2096,Violets
6702,Whites
1226,Yellows
7559,Yellows
4504,Purples
6996,Khakis
9510,Browns
3434,Turquoises
9553,Violets
434,Khakis
2690,Browns
1708,Purples
3323,Purples
6536,Pinks
6015,Purples
4072,Browns
238,Greys
4844,Whites
9791,Khakis
793,Purples
5054,Purples
3398,Khakis
2314,Turquoises
2937,Browns
7797,Khakis
3807,Khakis
4828,Purples
1268,Khakis
9627,Khakis
8454,Yellows
9518,Purples
5881,Violets
2611,Purples
8968,Yellows
1303,Purples
6203,Khakis
8483,Khakis
8188,Pinks
3106,Turquoises
9949,Violets
9169,Khakis
9907,Pinks
4559,Reds
9680,Greys
3259,Purples
940,Blues
7431,Whites
2942,Greens
4633,Browns
7644,Greens
6140,Blues
7351,Blues
7681,Yellows
2720,Khakis
1983,Khakis
9522,Purples
4564,Purples
1825,Blues
6311,Greens
3003,Greys
8797,Khakis
2806,Purples
4249,Greens
2789,Greys
4262,Violets
1806,Whites
5666,Purples
2609,Browns
7096,Purples
1949,Greys
3568,Violets
1377,Khakis
8149,Turquoises
4921,Khakis
19,Purples
5980,Purples
4369,Purples
5000,Greens
8296,Purples
5955,Purples
8016,Greys
2988,Khakis
306,Whites
3206,Khakis
899,Violets
5137,Purples
8959,Browns
3300,Whites
9140,Violets
8514,Yellows
4646,Purples
8536,Browns
8320,Purples
6170,Khakis
9427,Khakis
3058,Khakis
2811,Khakis
344,Purples
645,Browns
6255,Turquoises
3542,Purples
7862,Purples
5670,Whites
1476,Turquoises
4775,Khakis
6724,Blues
8823,Khakis
4903,Yellows
9110,Khakis
8934,Khakis
2467,Yellows
4672,Khakis
1113,Purples
1445,Khakis
3441,Blues
4756,Blues
8791,Purples
6370,Khakis
1764,Violets
4003,Purples
9668,Purples
204,Khakis
8332,Browns
7615,Purples
9120,Khakis
8169,Greens
8994,Purples
1413,Khakis
4257,Greens
3591,Whites
1911,Browns
1412,Greens
1309,Purples
8758,Browns
6442,Purples
8599,Purples
1474,Purples
9640,Khakis
1630,Purples
4198,Browns
2486,Khakis
2346,Pinks
163,Khakis
7660,Khakis
368,Pinks
9633,Blues
2525,Browns
4368,Whites
8437,Khakis
3146,Purples
6175,Turquoises
8266,Purples
3984,Khakis
823,Purples
2895,Whites
7500,Turquoises
1866,Purples
2739,Greys
653,Turquoises
931,Purples
8552,Purples
6601,Khakis
5031,Purples
5856,Khakis
9428,Reds
2335,Greys
1551,Khakis
5267,Khakis
7066,Browns
6490,Reds
9379,Purples
918,Khakis
3642,Greys
4132,Khakis
2349,Pinks
4380,Purples
2334,Violets
2205,Turquoises
7557,Khakis
7132,Yellows
1233,Khakis
1702,Greens
2981,Oranges
7795,Violets
8980,Purples
2389,Pinks
6709,Violets
3593,Oranges
3778,Turquoises
4998,Browns
4036,Browns
4733,Violets
8527,Purples
2464,Purples
197,Khakis
6957,Purples
8064,Oranges
8471,Reds
4489,Pinks
8901,Khakis
209,Purples
9542,Browns
9846,Reds
4818,Purples
924,Pinks
9076,Khakis
8504,Purples
3854,Khakis
8141,Oranges
7186,Khakis
7181,Yellows
2927,Khakis
897,Purples
7941,Khakis
8886,Browns
1346,Purples
9433,Violets
333,Purples
1566,Reds
8268,Violets
7180,Browns
8247,Purples
972,Blues
6184,Yellows
6172,Turquoises
1264,Purples
9208,Khakis
2891,Khakis
9801,Reds
3602,Khakis
6838,Reds
6658,Purples
6535,Khakis
5051,Oranges
714,Browns
8702,Whites
3007,Oranges
9982,Purples
7961,Oranges
4314,Purples
7226,Oranges
3936,Turquoises
2736,Purples
7453,Blues
2204,Turquoises
2595,Purples
275,Purples
7573,Purples
8992,Khakis
8721,Khakis
138,Purples
961,Browns
8645,Browns
3386,Oranges
1451,Violets
2657,Whites
3111,Purples
3289,Purples
441,Khakis
9882,Whites
169,Purples
6975,Purples
5100,Purples
1195,Whites
2683,Yellows
9493,Pinks
563,Khakis
6603,Greens
650,Purples
3291,Reds
4216,Blues
250,Purples
8474,Purples
2960,Browns
5445,Blues
4466,Khakis
6059,Oranges
744,Violets
6095,Greens
9458,Whites
5337,Greens
7430,Purples
9947,Browns
742,Khakis
4451,Khakis
6325,Reds
6512,Browns
7524,Purples
3020,Purples
6692,Oranges
4958,Browns
8399,Purples
7616,Purples
1311,Greens
2105,Browns
9622,Purples
9274,Blues
5178,Browns
5576,Reds
5219,Khakis
3035,Purples
2117,Greens
3938,Purples
9589,Purples
7463,Pinks
9943,Purples
3606,Violets
9507,Purples
2275,Purples
7594,Purples
6979,Browns
6430,Turquoises
1562,Blues
9193,Purples
9138,Browns
6558,Khakis
7410,Turquoises
9795,Khakis
7135,Whites
1452,Khakis
860,Khakis
9834,Browns
3691,Whites
7477,Khakis
1153,Khakis
6503,Purples
408,Purples
3309,Turquoises
6257,Oranges
8679,Purples
2327,Purples
575,Purples
7505,Purples
592,Turquoises
4179,Khakis
3740,Reds
6391,Purples
9644,Khakis
9769,Turquoises
2082,Turquoises
4913,Whites
1663,Pinks
1015,Violets
2614,Blues
9779,Browns
7781,Reds
8306,Blues
9455,Whites
6048,Purples
761,Yellows
2610,Greys
4409,Khakis
3502,Purples
3120,Pinks
9369,Purples
6151,Pinks
9211,Oranges
1104,Purples
9825,Purples
6670,Oranges
216,Khakis
4843,Turquoises
9118,Khakis
309,Violets
8379,Turquoises
7910,Khakis
4893,Browns
9844,Browns
8547,Purples
5191,Purples
7172,Browns
2383,Khakis
6646,Khakis
7908,Greys
1990,Pinks
8486,Whites
2101,Turquoises
2106,Whites
7607,Khakis
6055,Purples
8400,Browns
8015,Greens
4028,Violets
5547,Purples
4464,Browns
4061,Greys
2567,Purples
1206,Browns
1839,Khakis
278,Purples
2871,Khakis
1705,Violets
9933,Khakis
8990,Greys
4774,Blues
4213,Purples
3342,Oranges
1021,Purples
1009,Yellows
5633,Purples
1864,Greens
8237,Purples
8490,Khakis
1974,Browns
9661,Pinks
9797,Khakis
1247,Purples
1849,Turquoises
4604,Khakis
8667,Khakis
3737,Pinks
3586,Turquoises
3865,Reds
9170,Purples
5362,Turquoises
6620,Whites
9670,Whites
611,Whites
3665,Blues
644,Yellows
6405,Purples
9924,Khakis
2254,Purples
5484,Browns
64,Reds
5123,Purples
7123,Browns
2296,Khakis
4695,Greens
8376,Turquoises
8583,Blues
6602,Greys
6454,Greens
9694,Whites
4739,Pinks
6542,Reds
7749,Browns
8082,Greens
9610,Pinks
3517,Reds
3178,Whites
1952,Purples
2170,Purples
1518,Reds
1394,Greens
7316,Browns
948,Purples
6881,Greys
5968,Reds
4079,Khakis
2433,Violets
1862,Purples
749,Khakis
414,Greys
527,Blues
4910,Purples
8147,Purples
3072,Violets
6565,Khakis
5162,Purples
7095,Oranges
9989,Browns
7702,Blues
3688,Purples
1482,Purples
2802,Khakis
4427,Purples
1327,Purples
5227,Reds
1836,Whites
4883,Turquoises
1953,Purples
8024,Oranges
4259,Khakis
5397,Khakis
8646,Khakis
9936,Whites
1873,Khakis
5319,Purples
9185,Whites
6128,Reds
1506,Violets
2344,Greens
6241,Whites
314,Purples
8839,Khakis
7405,Khakis
4182,Browns
1673,Purples
7454,Khakis
8632,Khakis
6972,Turquoises
1693,Purples
654,Purples
5021,Greys
2776,Purples
5380,Greens
4724,Turquoises
5365,Khakis
9995,Purples
6820,Blues
8987,Purples
1443,Khakis
6424,Khakis
453,Khakis
4755,Greys
1018,Whites
8473,Purples
5181,Pinks
5289,Whites
757,Greys
7271,Browns
995,Khakis
1171,Greens
2650,Yellows
2281,Purples
4508,Reds
9939,Greys
6083,Oranges
8713,Browns
4882,Purples
8385,Purples
7443,Purples
9284,Oranges
7217,Purples
9122,Browns
3362,Khakis
2418,Blues
9972,Oranges
6913,Khakis
2401,Khakis
7194,Blues
9053,Purples
6698,Whites
7171,Purples
8692,Khakis
9401,Purples
4188,Reds
109,Browns
3153,Greens
3057,Purples
4905,Khakis
9435,Blues
1672,Browns
6230,Pinks
3450,Purples
5318,Khakis
6103,Purples
1031,Purples
2130,Yellows
6621,Khakis
5102,Yellows
6440,Blues
5217,Violets
8553,Purples
5704,Greys
9419,Browns
964,Purples
2850,Purples
8559,Turquoises
8172,Whites
3128,Purples
6617,Khakis
4605,Purples
7313,Yellows
8321,Purples
6341,Reds
9414,Purples
2510,Browns
6730,Yellows
718,Reds
3781,Purples
706,Purples
2728,Reds
8953,Browns
9764,Turquoises
7895,Khakis
8855,Khakis
6681,Khakis
8672,Purples
2492,Khakis
8212,Browns
506,Browns
8294,Purples
2239,Purples
531,Reds
2792,Khakis
9927,Yellows
417,Purples
8775,Greys
7718,Turquoises
1050,Browns
8658,Oranges
9513,Reds
2483,Greens
3246,Browns
4076,Khakis
6008,Pinks
9818,Reds
6271,Whites
4591,Purples
9852,Whites
3743,Yellows
8563,Khakis
6263,Greens
2689,Purples
3004,Greens
4957,Khakis
8039,Purples
1970,Purples
3159,Reds
1898,Turquoises
6306,Khakis
6797,Reds
7674,Khakis
3227,Violets
3310,Pinks
8403,Purples
751,Browns
1891,Purples
2225,Browns
8864,Whites
4180,Khakis
2430,Pinks
7403,Purples
3113,Reds
1011,Reds
876,Greys
8922,Reds
927,Browns
9601,Purples
5278,Purples
1930,Yellows
17,Khakis
5734,Purples
2582,Greens
1827,Turquoises
6480,Blues
2364,Whites
4305,Khakis
41,Greys
2879,Browns
7068,Pinks
2597,Greens
708,Oranges
750,Greens
6914,Purples
3715,Khakis
5840,Reds
8226,Reds
9976,Purples
3526,Khakis
2705,Purples
4308,Browns
1618,Whites
3088,Purples
8338,Purples
2013,Reds
4281,Khakis
1674,Purples
1982,Purples
2108,Oranges
2479,Khakis
6414,Blues
869,Khakis
503,Purples
3968,Khakis
7268,Browns
3499,Browns
2014,Greys
1627,Turquoises
9340,Blues
5919,Purples
4712,Purples
7234,Khakis
7035,Purples
3278,Greens
5247,Turquoises
2990,Reds
4705,Purples
8292,Yellows
8154,Khakis
1027,Oranges
2619,Browns
45,Blues
1724,Khakis
7538,Greens
1865,Purples
6423,Purples
2256,Purples
9489,Greens
8516,Khakis
1878,Oranges
5672,Browns
8803,Khakis
604,Turquoises
2166,Khakis
4458,Yellows
9237,Whites
8697,Purples
9025,Violets
3964,Reds
9013,Khakis
9912,Khakis
3610,Violets
7328,Purples
4264,Greys
191,Khakis
2428,Pinks
4577,Oranges
549,Blues
9078,Purples
2062,Reds
4462,Yellows
1522,Purples
566,Whites
7869,Whites
5939,Khakis
9364,Khakis
7140,Khakis
8369,Khakis
1508,Greys
2407,Turquoises
3734,Violets
5532,Khakis
3796,Browns
7870,Khakis
9498,Purples
1706,Yellows
1146,Oranges
3836,Purples
8915,Purples
4065,Pinks
4647,Khakis
8551,Khakis
9954,Turquoises
1365,Browns
6969,Purples
6435,Browns
5825,Khakis
2772,Violets
1620,Purples
3191,Khakis
7811,Violets
124,Purples
3098,Browns
1288,Turquoises
137,Yellows
1716,Purples
3845,Whites
2544,Browns
5328,Yellows
5685,Whites
3612,Purples
2231,Khakis
2194,Purples
9811,Khakis
9620,Khakis
7542,Khakis
6096,Khakis
3308,Browns
9347,Greens
5503,Greens
3062,Reds
6988,Khakis
5196,Khakis
9266,Khakis
2047,Browns
2219,Turquoises
2945,Reds
8417,Reds
2840,Greys
4432,Turquoises
9270,Purples
4325,Browns
330,Khakis
8809,Whites
7067,Purples
405,Khakis
1905,Greens
1487,Greys
8854,Violets
2332,Purples
4570,Khakis
9186,Purples
7052,Khakis
7434,Purples
7614,Khakis
6382,Greens
7381,Greens
8074,Khakis
3731,Greys
1305,Khakis
4949,Violets
1744,Purples
4886,Greys
7554,Violets
7909,Turquoises
9578,Browns
6350,Khakis
8800,Khakis
5226,Purples
517,Purples
513,Purples
4077,Oranges
8360,Whites
6852,Browns
822,Blues
7117,Reds
520,Purples
7598,Browns
6785,Greens
2819,Turquoises
1723,Violets
8790,Yellows
7575,Khakis
9805,Reds
8537,Browns
9514,Whites
8996,Purples
2688,Greys
9722,Violets
4283,Purples
4613,Purples
581,Khakis
3054,Purples
7560,Khakis
471,Reds
177,Blues
6014,Khakis
6340,Khakis
327,Pinks
1423,Khakis
2449,Turquoises
1137,Turquoises
4500,Purples
6606,Purples
7949,Browns
8411,Khakis
2421,Purples
9540,Purples
7710,Browns
6500,Browns
469,Browns
1670,Greys
5586,Greens
7371,Violets
4303,Browns
2151,Khakis
6253,Greys
7896,Purples
1086,Greys
1072,Purples
2526,Khakis
5695,Purples
5323,Browns
3726,Yellows
8664,Greens
9399,Turquoises
8806,Khakis
4698,Browns
8580,Khakis
4049,Khakis
9550,Purples
7597,Purples
7715,Yellows
1375,Greens
3603,Greys
3869,Browns
4517,Khakis
5140,Khakis
7151,Turquoises
9171,Browns
1340,Browns
3995,Browns
9662,Purples
2243,Browns
5713,Reds
3627,Purples
6537,Purples
4034,Purples
4679,Whites
3787,Greens
8683,Purples
2750,Greens
3911,Khakis
6473,Blues
7821,Greens
5145,Purples
5038,Purples
4,Yellows
3583,Greens
1057,Khakis
902,Khakis
6932,Purples
2655,Browns
5662,Khakis
8770,Greys
3982,Oranges
4184,Whites
2023,Purples
6612,Khakis
6927,Blues
8558,Purples
9628,Khakis
5717,Turquoises
403,Oranges
3616,Reds
7546,Greens
6637,Oranges
7456,Browns
7155,Reds
2592,Khakis
2874,Khakis
9304,Browns
2581,Purples
2889,Purples
2132,Browns
2387,Purples
6949,Khakis
1850,Whites
3068,Purples
91,Browns
5111,Browns
3242,Yellows
1557,Purples
5553,Reds
8523,Khakis
9596,Purples
6513,Yellows
7236,Blues
9358,Purples
2553,Purples
3843,Browns
2952,Khakis
1757,Reds
846,Whites
270,Turquoises
2482,Turquoises
9324,Greens
6534,Turquoises
8687,Reds
9047,Purples
3275,Greys
553,Khakis
3902,Browns
762,Pinks
99,Reds
3722,Greens
5492,Browns
4584,Blues
4783,Purples
5641,Reds
9894,Purples
678,Khakis
606,Browns
8836,Purples
6094,Whites
4090,Browns
705,Reds
1879,Khakis
2574,Purples
9463,Khakis
8873,Purples
1462,Khakis
26,Oranges
4942,Browns
5119,Purples
6807,Khakis
4554,Blues
2965,Pinks
7168,Turquoises
254,Violets
9106,Purples
5246,Pinks
8319,Violets
7974,Turquoises
203,Blues
2808,Purples
3770,Yellows
2698,Greens
6819,Greens
9273,Purples
8111,Violets
5211,Purples
5643,Pinks
3674,Turquoises
3508,Turquoises
1943,Greys
4967,Greys
6298,Reds
291,Blues
7979,Turquoises
9858,Greys
351,Purples
9289,Greens
2887,Violets
4450,Oranges
4638,Oranges
7,Khakis
907,Blues
2222,Blues
3686,Khakis
4176,Turquoises
4280,Blues
4463,Khakis
5557,Violets
5927,Purples
7840,Purples
3793,Purples
2908,Khakis
9701,Purples
4649,Violets
4239,Purples
7658,Yellows
366,Whites
9891,Khakis
1664,Purples
3811,Khakis
3233,Khakis
7866,Turquoises
6614,Browns
3979,Turquoises
1131,Khakis
387,Browns
9315,Khakis
3143,Khakis
3339,Purples
1537,Whites
1967,Turquoises
2438,Reds
9124,Purples
8557,Greys
9914,Khakis
694,Oranges
6708,Turquoises
8566,Greens
8489,Blues
1010,Khakis
6547,Blues
3469,Violets
4137,Turquoises
1265,Browns
7323,Turquoises
5773,Khakis
4680,Browns
8003,Khakis
7686,Yellows
470,Khakis
2913,Khakis
46,Reds
3235,Khakis
364,Blues
5176,Yellows
855,Reds
9566,Khakis
21,Khakis
7352,Whites
2116,Purples
4483,Purples
9421,Khakis
2896,Purples
9165,Whites
1077,Purples
2374,Reds
4291,Purples
5491,Purples
3064,Khakis
3608,Blues
9683,Khakis
740,Purples
690,Purples
1602,Pinks
7574,Reds
6827,Yellows
9011,Violets
4952,Khakis
7051,Greys
9058,Violets
350,Greens
5239,Purples
3633,Turquoises
727,Whites
9016,Greys
8233,Browns
5379,Purples
9556,Blues
4224,Purples
6323,Purples
4165,Khakis
4796,Browns
4988,Khakis
1579,Khakis
4809,Purples
5496,Pinks
3912,Blues
9503,Pinks
4124,Purples
3248,Yellows
6945,Blues
1743,Purples
161,Browns
5358,Yellows
9767,Greys
3551,Blues
6779,Reds
9470,Browns
4684,Purples
86,Browns
1313,Khakis
7794,Khakis
1178,Browns
8042,Pinks
6532,Browns
1345,Khakis
5975,Turquoises
1588,Purples
6267,Reds
3024,Browns
1186,Browns
7889,Greys
3614,Pinks
9153,Reds
726,Whites
9667,Purples
2621,Turquoises
9160,Browns
3829,Browns
9671,Greens
6518,Greens
3241,Purples
892,Khakis
4772,Purples
5656,Purples
6533,Browns
2757,Yellows
9105,Greens
3516,Browns
9794,Blues
5310,Khakis
9079,Blues
7613,Greens
4744,Khakis
3047,Khakis
8104,Khakis
9445,Khakis
2413,Khakis
3050,Browns
6389,Turquoises
9816,Purples
8391,Violets
5527,Yellows
9525,Khakis
1609,Purples
9130,Pinks
4640,Pinks
7709,Oranges
2589,Purples
7804,Purples
61,Purples
9354,Greens
1459,Turquoises
1492,Khakis
1822,Purples
3317,Reds
7056,Greys
4338,Blues
8567,Khakis
1908,Violets
7428,Khakis
9655,Greens
232,Khakis
3,Turquoises
884,Khakis
8880,Khakis
4822,Khakis
5948,Blues
2912,Khakis
8279,Purples
7124,Violets
7831,Khakis
6105,Browns
4136,Khakis
7002,Violets
8752,Purples
1840,Oranges
9398,Purples
8625,Khakis
5109,Khakis
9879,Purples
6861,Greys
1633,Purples
2727,Purples
2594,Violets
7695,Oranges
8680,Blues
4574,Khakis
4511,Khakis
7307,Whites
3316,Purples
6711,Purples
2779,Greens
5457,Yellows
6793,Greens
9658,Reds
2561,Browns
6958,Purples
9724,Purples
3567,Purples
5215,Violets
2112,Turquoises
5887,Purples
9144,Greys
6035,Greys
6596,Turquoises
5348,Khakis
9682,Purples
9878,Greys
2186,Browns
2555,Khakis
2745,Purples
7936,Khakis
1981,Reds
8533,Khakis
1369,Purples
7107,Browns
1924,Purples
9624,Turquoises
8762,Yellows
7698,Khakis
9448,Blues
7697,Purples
546,Greens
6362,Khakis
2173,Browns
166,Reds
1126,Violets
258,Turquoises
5320,Purples
139,Khakis
5772,Browns
6592,Greys
1846,Purples
9728,Khakis
4873,Khakis
3571,Turquoises
9746,Purples
3620,Khakis
429,Purples
9452,Yellows
1463,Browns
2313,Purples
8824,Oranges
9301,Whites
4880,Pinks
6383,Purples
4332,Browns
7280,Purples
894,Turquoises
2837,Greys
8102,Browns
4386,Pinks
1392,Turquoises
3489,Whites
666,Greens
6357,Purples
2474,Purples
2362,Khakis
1347,Purples
225,Pinks
6276,Purples
1560,Oranges
4389,Greys
1934,Purples
4455,Reds
529,Khakis
6993,Yellows
4950,Browns
6193,Whites
5977,Pinks
6762,Blues
5870,Violets
9576,Khakis
1883,Blues
6155,Violets
2368,Whites
2280,Greens
6438,Purples
1776,Purples
426,Browns
2478,Browns
2259,Khakis
6786,Browns
5545,Blues
7270,Khakis
3168,Greens
6403,Whites
1622,Browns
8216,Blues
7266,Purples
381,Khakis
5908,Khakis
5171,Turquoises
9312,Greys
8050,Purples
2947,Reds
145,Purples
2232,Khakis
7838,Purples
5417,Purples
7783,Yellows
1528,Oranges
9849,Whites
2181,Reds
5388,Khakis
8094,Khakis
486,Purples
612,Greens
7713,Greens
442,Purples
9916,Pinks
5550,Khakis
3117,Whites
7966,Purples
610,Turquoises
5763,Browns
5452,Khakis
1177,Browns
7531,Purples
5913,Blues
7254,Browns
4091,Khakis
8923,Violets
7175,Purples
8380,Blues
2466,Purples
3966,Purples
439,Violets
6234,Browns
5315,Oranges
4529,Reds
3907,Whites
6515,Violets
4833,Browns
3301,Khakis
5528,Khakis
2056,Purples
6950,Blues
4973,Yellows
3870,Turquoises
483,Violets
2816,Blues
6892,Purples
3264,Browns
1497,Purples
8448,Khakis
6604,Yellows
1026,Purples
4059,Violets
3690,Purples
5405,Purples
4740,Reds
950,Browns
5847,Turquoises
7906,Khakis
9002,Turquoises
5984,Greys
2762,Greys
881,Khakis
6447,Browns
5674,Browns
6710,Purples
5828,Violets
6831,Khakis
5130,Purples
2215,Purples
6222,Khakis
8787,Browns
6404,Purples
2517,Purples
6869,Turquoises
9316,Khakis
6356,Blues
5419,Whites
7339,Blues
324,Khakis
100,Blues
5735,Blues
8345,Turquoises
1243,Purples
6400,Greys
280,Khakis
4219,Oranges
6093,Purples
2629,Oranges
626,Khakis
6274,Khakis
8081,Purples
9676,Yellows
1899,Turquoises
6127,Purples
3876,Yellows
5748,Blues
8772,Whites
4871,Browns
7984,Yellows
875,Purples
1689,Turquoises
2605,Khakis
3525,Purples
7078,Khakis
1857,Browns
4186,Purples
602,Yellows
4896,Khakis
3799,Khakis
2323,Browns
7433,Khakis
5324,Oranges
9567,Browns
7717,Khakis
4835,Turquoises
1969,Purples
9070,Purples
6644,Blues
1446,Yellows
1450,Greys
1963,Purples
1889,Purples
8210,Purples
8573,Browns
1175,Khakis
943,Khakis
1558,Purples
7406,Reds
9917,Greens
8122,Violets
4599,Purples
2040,Violets
